date_time,target_carbon_monoxide,target_benzene,target_nitrogen_oxides
2011-01-01 00:00:00,-73.0,5.0,337.0
2011-01-01 01:00:00,-105.0,8.0,485.0
2011-01-01 02:00:00,-92.0,8.0,424.0
2011-01-01 03:00:00,-90.0,9.0,414.0
2011-01-01 04:00:00,-74.0,6.0,343.0
2011-01-01 05:00:00,-53.0,5.0,248.0
2011-01-01 06:00:00,-64.0,5.0,299.0
2011-01-01 07:00:00,-57.0,4.0,266.0
2011-01-01 08:00:00,-49.0,3.0,231.0
2011-01-01 09:00:00,-46.0,3.0,216.0
2011-01-01 10:00:00,-51.0,5.0,238.0
2011-01-01 11:00:00,-51.0,5.0,239.0
2011-01-01 12:00:00,-62.0,7.0,289.0
2011-01-01 13:00:00,-81.0,10.0,373.0
2011-01-01 14:00:00,-73.0,10.0,338.0
2011-01-01 15:00:00,-67.0,7.0,311.0
2011-01-01 16:00:00,-67.0,9.0,310.0
2011-01-01 17:00:00,-81.0,11.0,375.0
2011-01-01 18:00:00,-143.0,17.0,657.0
2011-01-01 19:00:00,-110.0,13.0,507.0
2011-01-01 20:00:00,-91.0,8.0,421.0
2011-01-01 21:00:00,-79.0,9.0,366.0
2011-01-01 22:00:00,-70.0,6.0,324.0
2011-01-01 23:00:00,-75.0,5.0,349.0
2011-01-02 00:00:00,-64.0,5.0,296.0
2011-01-02 01:00:00,-59.0,5.0,276.0
2011-01-02 02:00:00,-42.0,3.0,196.0
2011-01-02 03:00:00,-62.0,4.0,288.0
2011-01-02 04:00:00,-48.0,3.0,222.0
2011-01-02 05:00:00,-49.0,3.0,231.0
2011-01-02 06:00:00,-43.0,3.0,201.0
2011-01-02 07:00:00,-50.0,3.0,234.0
2011-01-02 08:00:00,-39.0,3.0,183.0
2011-01-02 09:00:00,-58.0,4.0,271.0
2011-01-02 10:00:00,-49.0,5.0,230.0
2011-01-02 11:00:00,-79.0,7.0,367.0
2011-01-02 12:00:00,-82.0,8.0,378.0
2011-01-02 13:00:00,-85.0,9.0,394.0
2011-01-02 14:00:00,-73.0,9.0,339.0
2011-01-02 15:00:00,-66.0,6.0,305.0
2011-01-02 16:00:00,-87.0,11.0,401.0
2011-01-02 17:00:00,-80.0,8.0,372.0
2011-01-02 18:00:00,-89.0,9.0,411.0
2011-01-02 19:00:00,-121.0,13.0,557.0
2011-01-02 20:00:00,-115.0,13.0,530.0
2011-01-02 21:00:00,-34.0,-2.0,162.0
2011-01-02 22:00:00,-35.0,-2.0,167.0
2011-01-02 23:00:00,-36.0,-2.0,169.0
2011-01-03 00:00:00,-40.0,-2.0,188.0
2011-01-03 01:00:00,-42.0,-2.0,199.0
2011-01-03 02:00:00,-40.0,-2.0,192.0
2011-01-03 03:00:00,-38.0,-2.0,180.0
2011-01-03 04:00:00,-37.0,-2.0,177.0
2011-01-03 05:00:00,-36.0,-2.0,172.0
2011-01-03 06:00:00,-32.0,-1.0,155.0
2011-01-03 07:00:00,-38.0,-2.0,179.0
2011-01-03 08:00:00,-36.0,-2.0,170.0
2011-01-03 09:00:00,-37.0,-2.0,173.0
2011-01-03 10:00:00,-37.0,-2.0,177.0
2011-01-03 11:00:00,-35.0,-2.0,168.0
2011-01-03 12:00:00,-35.0,-2.0,166.0
2011-01-03 13:00:00,-35.0,-2.0,167.0
2011-01-03 14:00:00,-32.0,-1.0,153.0
2011-01-03 15:00:00,-36.0,-2.0,172.0
2011-01-03 16:00:00,-33.0,-2.0,158.0
2011-01-03 17:00:00,-32.0,-1.0,150.0
2011-01-03 18:00:00,-35.0,-2.0,167.0
2011-01-03 19:00:00,-32.0,-1.0,152.0
2011-01-03 20:00:00,-35.0,-2.0,167.0
2011-01-03 21:00:00,-36.0,-2.0,171.0
2011-01-03 22:00:00,-30.0,-1.0,143.0
2011-01-03 23:00:00,-34.0,-2.0,160.0
2011-01-04 00:00:00,-40.0,-2.0,189.0
2011-01-04 01:00:00,-42.0,-2.0,200.0
2011-01-04 02:00:00,-42.0,-2.0,201.0
2011-01-04 03:00:00,-42.0,-2.0,199.0
2011-01-04 04:00:00,-42.0,-2.0,198.0
2011-01-04 05:00:00,-40.0,-2.0,189.0
2011-01-04 06:00:00,-39.0,-2.0,185.0
2011-01-04 07:00:00,-33.0,-2.0,159.0
2011-01-04 08:00:00,-40.0,-2.0,188.0
2011-01-04 09:00:00,-38.0,-2.0,180.0
2011-01-04 10:00:00,-37.0,-2.0,173.0
2011-01-04 11:00:00,-31.0,-1.0,146.0
2011-01-04 12:00:00,-34.0,-2.0,160.0
2011-01-04 13:00:00,-31.0,-1.0,149.0
2011-01-04 14:00:00,-32.0,-1.0,154.0
2011-01-04 15:00:00,-29.0,-1.0,140.0
2011-01-04 16:00:00,-37.0,-2.0,174.0
2011-01-04 17:00:00,-35.0,-2.0,164.0
2011-01-04 18:00:00,-34.0,-2.0,161.0
2011-01-04 19:00:00,-31.0,-1.0,146.0
2011-01-04 20:00:00,-32.0,-1.0,153.0
2011-01-04 21:00:00,-38.0,-2.0,181.0
2011-01-04 22:00:00,-35.0,-2.0,167.0
2011-01-04 23:00:00,-36.0,-2.0,172.0
2011-01-05 00:00:00,-35.0,-2.0,169.0
2011-01-05 01:00:00,-52.0,6.0,239.0
2011-01-05 02:00:00,-77.0,9.0,356.0
2011-01-05 03:00:00,-87.0,9.0,402.0
2011-01-05 04:00:00,-89.0,8.0,411.0
2011-01-05 05:00:00,-93.0,8.0,428.0
2011-01-05 06:00:00,-85.0,7.0,395.0
2011-01-05 07:00:00,-128.0,13.0,590.0
2011-01-05 08:00:00,-127.0,16.0,585.0
2011-01-05 09:00:00,-168.0,24.0,769.0
2011-01-05 10:00:00,-131.0,20.0,601.0
2011-01-05 11:00:00,-149.0,23.0,685.0
2011-01-05 12:00:00,-185.0,25.0,848.0
2011-01-05 13:00:00,-149.0,25.0,680.0
2011-01-05 14:00:00,-98.0,15.0,449.0
2011-01-05 15:00:00,-87.0,14.0,400.0
2011-01-05 16:00:00,-103.0,16.0,474.0
2011-01-05 17:00:00,-89.0,14.0,408.0
2011-01-05 18:00:00,-75.0,13.0,345.0
2011-01-05 19:00:00,-90.0,17.0,414.0
2011-01-05 20:00:00,-113.0,18.0,520.0
2011-01-05 21:00:00,-67.0,12.0,308.0
2011-01-05 22:00:00,-78.0,11.0,359.0
2011-01-05 23:00:00,-49.0,6.0,226.0
2011-01-06 00:00:00,-42.0,6.0,197.0
2011-01-06 01:00:00,-49.0,6.0,225.0
2011-01-06 02:00:00,-39.0,5.0,183.0
2011-01-06 03:00:00,-39.0,4.0,182.0
2011-01-06 04:00:00,-20.0,3.0,96.0
2011-01-06 05:00:00,-27.0,4.0,124.0
2011-01-06 06:00:00,-23.0,3.0,108.0
2011-01-06 07:00:00,-22.0,3.0,103.0
2011-01-06 08:00:00,-43.0,5.0,200.0
2011-01-06 09:00:00,-55.0,7.0,255.0
2011-01-06 10:00:00,-55.0,7.0,256.0
2011-01-06 11:00:00,-47.0,7.0,215.0
2011-01-06 12:00:00,-34.0,6.0,157.0
2011-01-06 13:00:00,-48.0,9.0,220.0
2011-01-06 14:00:00,-39.0,7.0,181.0
2011-01-06 15:00:00,-40.0,8.0,187.0
2011-01-06 16:00:00,-37.0,8.0,170.0
2011-01-06 17:00:00,-48.0,8.0,223.0
2011-01-06 18:00:00,-56.0,10.0,260.0
2011-01-06 19:00:00,-88.0,13.0,405.0
2011-01-06 20:00:00,-84.0,11.0,387.0
2011-01-06 21:00:00,-74.0,10.0,343.0
2011-01-06 22:00:00,-65.0,8.0,300.0
2011-01-06 23:00:00,-52.0,5.0,239.0
2011-01-07 00:00:00,-37.0,4.0,173.0
2011-01-07 01:00:00,-29.0,3.0,137.0
2011-01-07 02:00:00,-40.0,4.0,188.0
2011-01-07 03:00:00,-28.0,3.0,134.0
2011-01-07 04:00:00,-36.0,2.0,171.0
2011-01-07 05:00:00,-26.0,2.0,123.0
2011-01-07 06:00:00,-34.0,2.0,160.0
2011-01-07 07:00:00,-29.0,3.0,135.0
2011-01-07 08:00:00,-62.0,8.0,288.0
2011-01-07 09:00:00,-82.0,15.0,375.0
2011-01-07 10:00:00,-67.0,8.0,310.0
2011-01-07 11:00:00,-69.0,12.0,318.0
2011-01-07 12:00:00,-85.0,12.0,392.0
2011-01-07 13:00:00,-86.0,14.0,397.0
2011-01-07 14:00:00,-89.0,13.0,410.0
2011-01-07 15:00:00,-91.0,16.0,418.0
2011-01-07 16:00:00,-114.0,20.0,524.0
2011-01-07 17:00:00,-130.0,19.0,599.0
2011-01-07 18:00:00,-141.0,23.0,644.0
2011-01-07 19:00:00,-149.0,23.0,684.0
2011-01-07 20:00:00,-158.0,22.0,724.0
2011-01-07 21:00:00,-123.0,17.0,563.0
2011-01-07 22:00:00,-110.0,16.0,505.0
2011-01-07 23:00:00,-91.0,12.0,420.0
2011-01-08 00:00:00,-107.0,14.0,493.0
2011-01-08 01:00:00,-73.0,6.0,337.0
2011-01-08 02:00:00,-52.0,5.0,242.0
2011-01-08 03:00:00,-46.0,4.0,215.0
2011-01-08 04:00:00,-40.0,3.0,185.0
2011-01-08 05:00:00,-48.0,3.0,224.0
2011-01-08 06:00:00,-55.0,4.0,256.0
2011-01-08 07:00:00,-47.0,4.0,218.0
2011-01-08 08:00:00,-102.0,12.0,470.0
2011-01-08 09:00:00,-112.0,15.0,514.0
2011-01-08 10:00:00,-79.0,11.0,364.0
2011-01-08 11:00:00,-97.0,13.0,448.0
2011-01-08 12:00:00,-83.0,13.0,381.0
2011-01-08 13:00:00,-102.0,15.0,470.0
2011-01-08 14:00:00,-117.0,17.0,540.0
2011-01-08 15:00:00,-109.0,14.0,503.0
2011-01-08 16:00:00,-133.0,19.0,611.0
2011-01-08 17:00:00,-140.0,20.0,643.0
2011-01-08 18:00:00,-119.0,18.0,544.0
2011-01-08 19:00:00,-149.0,20.0,684.0
2011-01-08 20:00:00,-151.0,24.0,694.0
2011-01-08 21:00:00,-115.0,15.0,530.0
2011-01-08 22:00:00,-71.0,11.0,328.0
2011-01-08 23:00:00,-55.0,6.0,254.0
2011-01-09 00:00:00,-46.0,7.0,213.0
2011-01-09 01:00:00,-44.0,6.0,204.0
2011-01-09 02:00:00,-45.0,6.0,209.0
2011-01-09 03:00:00,-29.0,4.0,135.0
2011-01-09 04:00:00,-21.0,3.0,99.0
2011-01-09 05:00:00,-16.0,3.0,76.0
2011-01-09 06:00:00,-16.0,2.0,78.0
2011-01-09 07:00:00,-14.0,3.0,67.0
2011-01-09 08:00:00,-23.0,3.0,106.0
2011-01-09 09:00:00,-14.0,3.0,67.0
2011-01-09 10:00:00,-29.0,4.0,133.0
2011-01-09 11:00:00,-33.0,7.0,151.0
2011-01-09 12:00:00,-59.0,11.0,273.0
2011-01-09 13:00:00,-54.0,10.0,250.0
2011-01-09 14:00:00,-63.0,14.0,288.0
2011-01-09 15:00:00,-94.0,18.0,429.0
2011-01-09 16:00:00,-55.0,10.0,254.0
2011-01-09 17:00:00,-53.0,10.0,243.0
2011-01-09 18:00:00,-85.0,15.0,391.0
2011-01-09 19:00:00,-65.0,10.0,299.0
2011-01-09 20:00:00,-73.0,13.0,335.0
2011-01-09 21:00:00,-62.0,9.0,287.0
2011-01-09 22:00:00,-44.0,6.0,203.0
2011-01-09 23:00:00,-55.0,9.0,255.0
2011-01-10 00:00:00,-63.0,9.0,293.0
2011-01-10 01:00:00,-56.0,8.0,261.0
2011-01-10 02:00:00,-43.0,5.0,201.0
2011-01-10 03:00:00,-22.0,3.0,106.0
2011-01-10 04:00:00,-19.0,3.0,88.0
2011-01-10 05:00:00,-20.0,2.0,95.0
2011-01-10 06:00:00,-28.0,4.0,132.0
2011-01-10 07:00:00,-40.0,7.0,184.0
2011-01-10 08:00:00,-118.0,22.0,540.0
2011-01-10 09:00:00,-114.0,21.0,523.0
2011-01-10 10:00:00,-111.0,18.0,508.0
2011-01-10 11:00:00,-112.0,19.0,512.0
2011-01-10 12:00:00,-84.0,16.0,383.0
2011-01-10 13:00:00,-111.0,19.0,506.0
2011-01-10 14:00:00,-114.0,22.0,520.0
2011-01-10 15:00:00,-109.0,22.0,499.0
2011-01-10 16:00:00,-88.0,18.0,401.0
2011-01-10 17:00:00,-116.0,19.0,531.0
2011-01-10 18:00:00,-104.0,20.0,475.0
2011-01-10 19:00:00,-119.0,20.0,547.0
2011-01-10 20:00:00,-99.0,19.0,454.0
2011-01-10 21:00:00,-97.0,17.0,443.0
2011-01-10 22:00:00,-105.0,14.0,483.0
2011-01-10 23:00:00,-60.0,9.0,277.0
2011-01-11 00:00:00,-74.0,9.0,342.0
2011-01-11 01:00:00,-44.0,6.0,204.0
2011-01-11 02:00:00,-44.0,4.0,206.0
2011-01-11 03:00:00,-28.0,3.0,134.0
2011-01-11 04:00:00,-32.0,3.0,153.0
2011-01-11 05:00:00,-37.0,3.0,171.0
2011-01-11 06:00:00,-29.0,4.0,136.0
2011-01-11 07:00:00,-41.0,6.0,192.0
2011-01-11 08:00:00,-119.0,19.0,544.0
2011-01-11 09:00:00,-146.0,29.0,667.0
2011-01-11 10:00:00,-108.0,17.0,496.0
2011-01-11 11:00:00,-121.0,19.0,554.0
2011-01-11 12:00:00,-115.0,18.0,528.0
2011-01-11 13:00:00,-109.0,16.0,500.0
2011-01-11 14:00:00,-117.0,19.0,536.0
2011-01-11 15:00:00,-108.0,20.0,494.0
2011-01-11 16:00:00,-131.0,22.0,602.0
2011-01-11 17:00:00,-128.0,21.0,584.0
2011-01-11 18:00:00,-133.0,21.0,607.0
2011-01-11 19:00:00,-130.0,22.0,595.0
2011-01-11 20:00:00,-144.0,25.0,660.0
2011-01-11 21:00:00,-134.0,21.0,613.0
2011-01-11 22:00:00,-136.0,20.0,624.0
2011-01-11 23:00:00,-124.0,18.0,567.0
2011-01-12 00:00:00,-98.0,12.0,452.0
2011-01-12 01:00:00,-82.0,12.0,378.0
2011-01-12 02:00:00,-69.0,9.0,321.0
2011-01-12 03:00:00,-35.0,5.0,162.0
2011-01-12 04:00:00,-38.0,5.0,178.0
2011-01-12 05:00:00,-44.0,5.0,204.0
2011-01-12 06:00:00,-68.0,7.0,315.0
2011-01-12 07:00:00,-69.0,8.0,318.0
2011-01-12 08:00:00,-141.0,20.0,649.0
2011-01-12 09:00:00,-124.0,20.0,569.0
2011-01-12 10:00:00,-126.0,21.0,577.0
2011-01-12 11:00:00,-104.0,18.0,478.0
2011-01-12 12:00:00,-112.0,17.0,515.0
2011-01-12 13:00:00,-125.0,19.0,574.0
2011-01-12 14:00:00,-83.0,17.0,381.0
2011-01-12 15:00:00,-97.0,20.0,443.0
2011-01-12 16:00:00,-112.0,19.0,515.0
2011-01-12 17:00:00,-97.0,17.0,443.0
2011-01-12 18:00:00,-128.0,26.0,587.0
2011-01-12 19:00:00,-134.0,29.0,611.0
2011-01-12 20:00:00,-148.0,26.0,679.0
2011-01-12 21:00:00,-158.0,25.0,724.0
2011-01-12 22:00:00,-122.0,17.0,561.0
2011-01-12 23:00:00,-92.0,12.0,424.0
2011-01-13 00:00:00,-92.0,12.0,424.0
2011-01-13 01:00:00,-91.0,12.0,419.0
2011-01-13 02:00:00,-59.0,7.0,272.0
2011-01-13 03:00:00,-67.0,6.0,311.0
2011-01-13 04:00:00,-36.0,4.0,168.0
2011-01-13 05:00:00,-38.0,3.0,178.0
2011-01-13 06:00:00,-38.0,4.0,176.0
2011-01-13 07:00:00,-67.0,9.0,309.0
2011-01-13 08:00:00,-113.0,18.0,516.0
2011-01-13 09:00:00,-126.0,23.0,576.0
2011-01-13 10:00:00,-96.0,16.0,439.0
2011-01-13 11:00:00,-123.0,18.0,567.0
2011-01-13 12:00:00,-106.0,13.0,491.0
2011-01-13 13:00:00,-65.0,11.0,298.0
2011-01-13 14:00:00,-86.0,13.0,395.0
2011-01-13 15:00:00,-89.0,16.0,410.0
2011-01-13 16:00:00,-97.0,15.0,443.0
2011-01-13 17:00:00,-143.0,22.0,658.0
2011-01-13 18:00:00,-145.0,25.0,665.0
2011-01-13 19:00:00,-140.0,20.0,644.0
2011-01-13 20:00:00,-98.0,13.0,449.0
2011-01-13 21:00:00,-99.0,12.0,454.0
2011-01-13 22:00:00,-65.0,9.0,301.0
2011-01-13 23:00:00,-82.0,8.0,379.0
2011-01-14 00:00:00,-80.0,9.0,368.0
2011-01-14 01:00:00,-59.0,7.0,274.0
2011-01-14 02:00:00,-52.0,4.0,242.0
2011-01-14 03:00:00,-47.0,4.0,220.0
2011-01-14 04:00:00,-50.0,3.0,234.0
2011-01-14 05:00:00,-77.0,8.0,359.0
2011-01-14 06:00:00,-58.0,5.0,270.0
2011-01-14 07:00:00,-71.0,8.0,330.0
2011-01-14 08:00:00,-162.0,25.0,744.0
2011-01-14 09:00:00,-118.0,16.0,543.0
2011-01-14 10:00:00,-101.0,17.0,462.0
2011-01-14 11:00:00,-146.0,19.0,671.0
2011-01-14 12:00:00,-96.0,15.0,439.0
2011-01-14 13:00:00,-103.0,17.0,474.0
2011-01-14 14:00:00,-105.0,17.0,483.0
2011-01-14 15:00:00,-89.0,16.0,408.0
2011-01-14 16:00:00,-109.0,16.0,501.0
2011-01-14 17:00:00,-169.0,25.0,775.0
2011-01-14 18:00:00,-157.0,24.0,721.0
2011-01-14 19:00:00,-150.0,24.0,686.0
2011-01-14 20:00:00,-166.0,26.0,762.0
2011-01-14 21:00:00,-137.0,19.0,628.0
2011-01-14 22:00:00,-58.0,5.0,269.0
2011-01-14 23:00:00,-62.0,6.0,286.0
2011-01-15 00:00:00,-67.0,7.0,311.0
2011-01-15 01:00:00,-73.0,8.0,336.0
2011-01-15 02:00:00,-62.0,5.0,288.0
2011-01-15 03:00:00,-58.0,4.0,270.0
2011-01-15 04:00:00,-62.0,4.0,289.0
2011-01-15 05:00:00,-47.0,3.0,218.0
2011-01-15 06:00:00,-51.0,3.0,239.0
2011-01-15 07:00:00,-61.0,4.0,283.0
2011-01-15 08:00:00,-98.0,9.0,452.0
2011-01-15 09:00:00,-98.0,12.0,453.0
2011-01-15 10:00:00,-74.0,9.0,343.0
2011-01-15 11:00:00,-84.0,10.0,390.0
2011-01-15 12:00:00,-106.0,13.0,489.0
2011-01-15 13:00:00,-109.0,18.0,498.0
2011-01-15 14:00:00,-129.0,19.0,591.0
2011-01-15 15:00:00,-108.0,14.0,496.0
2011-01-15 16:00:00,-82.0,12.0,376.0
2011-01-15 17:00:00,-93.0,14.0,427.0
2011-01-15 18:00:00,-139.0,20.0,640.0
2011-01-15 19:00:00,-133.0,19.0,610.0
2011-01-15 20:00:00,-107.0,13.0,495.0
2011-01-15 21:00:00,-119.0,14.0,550.0
2011-01-15 22:00:00,-73.0,8.0,339.0
2011-01-15 23:00:00,-93.0,10.0,430.0
2011-01-16 00:00:00,-119.0,14.0,549.0
2011-01-16 01:00:00,-92.0,8.0,428.0
2011-01-16 02:00:00,-79.0,7.0,366.0
2011-01-16 03:00:00,-74.0,5.0,345.0
2011-01-16 04:00:00,-62.0,6.0,288.0
2011-01-16 05:00:00,-55.0,4.0,255.0
2011-01-16 06:00:00,-57.0,4.0,266.0
2011-01-16 07:00:00,-66.0,6.0,307.0
2011-01-16 08:00:00,-55.0,5.0,257.0
2011-01-16 09:00:00,-66.0,7.0,307.0
2011-01-16 10:00:00,-36.0,3.0,168.0
2011-01-16 11:00:00,-30.0,3.0,139.0
2011-01-16 12:00:00,-29.0,3.0,135.0
2011-01-16 13:00:00,-24.0,4.0,112.0
2011-01-16 14:00:00,-29.0,3.0,136.0
2011-01-16 15:00:00,-22.0,3.0,103.0
2011-01-16 16:00:00,-25.0,3.0,116.0
2011-01-16 17:00:00,-41.0,4.0,192.0
2011-01-16 18:00:00,-37.0,4.0,175.0
2011-01-16 19:00:00,-55.0,7.0,256.0
2011-01-16 20:00:00,-60.0,7.0,276.0
2011-01-16 21:00:00,-48.0,4.0,223.0
2011-01-16 22:00:00,-46.0,4.0,217.0
2011-01-16 23:00:00,-50.0,5.0,234.0
2011-01-17 00:00:00,-51.0,4.0,238.0
2011-01-17 01:00:00,-46.0,4.0,212.0
2011-01-17 02:00:00,-47.0,3.0,219.0
2011-01-17 03:00:00,-32.0,2.0,149.0
2011-01-17 04:00:00,-37.0,2.0,174.0
2011-01-17 05:00:00,-28.0,2.0,130.0
2011-01-17 06:00:00,-27.0,2.0,129.0
2011-01-17 07:00:00,-51.0,4.0,239.0
2011-01-17 08:00:00,-119.0,17.0,546.0
2011-01-17 09:00:00,-142.0,19.0,651.0
2011-01-17 10:00:00,-114.0,17.0,523.0
2011-01-17 11:00:00,-116.0,17.0,533.0
2011-01-17 12:00:00,-118.0,15.0,544.0
2011-01-17 13:00:00,-100.0,15.0,460.0
2011-01-17 14:00:00,-92.0,14.0,425.0
2011-01-17 15:00:00,-115.0,17.0,529.0
2011-01-17 16:00:00,-92.0,14.0,425.0
2011-01-17 17:00:00,-154.0,23.0,705.0
2011-01-17 18:00:00,-205.0,35.0,936.0
2011-01-17 19:00:00,-194.0,33.0,885.0
2011-01-17 20:00:00,-146.0,19.0,670.0
2011-01-17 21:00:00,-129.0,15.0,596.0
2011-01-17 22:00:00,-94.0,9.0,434.0
2011-01-17 23:00:00,-85.0,7.0,395.0
2011-01-18 00:00:00,-85.0,7.0,396.0
2011-01-18 01:00:00,-74.0,6.0,344.0
2011-01-18 02:00:00,-55.0,4.0,256.0
2011-01-18 03:00:00,-42.0,3.0,199.0
2011-01-18 04:00:00,-38.0,3.0,178.0
2011-01-18 05:00:00,-49.0,3.0,228.0
2011-01-18 06:00:00,-62.0,4.0,287.0
2011-01-18 07:00:00,-84.0,8.0,387.0
2011-01-18 08:00:00,-129.0,17.0,595.0
2011-01-18 09:00:00,-159.0,21.0,729.0
2011-01-18 10:00:00,-160.0,22.0,733.0
2011-01-18 11:00:00,-142.0,18.0,653.0
2011-01-18 12:00:00,-172.0,23.0,791.0
2011-01-18 13:00:00,-181.0,24.0,833.0
2011-01-18 14:00:00,-175.0,29.0,801.0
2011-01-18 15:00:00,-160.0,23.0,733.0
2011-01-18 16:00:00,-180.0,26.0,827.0
2011-01-18 17:00:00,-171.0,25.0,786.0
2011-01-18 18:00:00,-163.0,25.0,749.0
2011-01-18 19:00:00,-176.0,26.0,807.0
2011-01-18 20:00:00,-162.0,23.0,745.0
2011-01-18 21:00:00,-62.0,6.0,287.0
2011-01-18 22:00:00,-32.0,4.0,148.0
2011-01-18 23:00:00,-44.0,5.0,207.0
2011-01-19 00:00:00,-54.0,5.0,250.0
2011-01-19 01:00:00,-53.0,5.0,247.0
2011-01-19 02:00:00,-47.0,5.0,217.0
2011-01-19 03:00:00,-24.0,2.0,114.0
2011-01-19 04:00:00,-26.0,1.0,124.0
2011-01-19 05:00:00,-20.0,1.0,95.0
2011-01-19 06:00:00,-25.0,2.0,120.0
2011-01-19 07:00:00,-35.0,3.0,165.0
2011-01-19 08:00:00,-60.0,7.0,277.0
2011-01-19 09:00:00,-57.0,8.0,264.0
2011-01-19 10:00:00,-32.0,4.0,148.0
2011-01-19 11:00:00,-24.0,2.0,113.0
2011-01-19 12:00:00,-36.0,3.0,168.0
2011-01-19 13:00:00,-29.0,5.0,137.0
2011-01-19 14:00:00,-57.0,8.0,263.0
2011-01-19 15:00:00,-34.0,5.0,160.0
2011-01-19 16:00:00,-41.0,5.0,190.0
2011-01-19 17:00:00,-43.0,5.0,198.0
2011-01-19 18:00:00,-59.0,7.0,272.0
2011-01-19 19:00:00,-44.0,7.0,204.0
2011-01-19 20:00:00,-52.0,9.0,241.0
2011-01-19 21:00:00,-58.0,8.0,268.0
2011-01-19 22:00:00,-33.0,3.0,156.0
2011-01-19 23:00:00,-38.0,4.0,177.0
2011-01-20 00:00:00,-34.0,5.0,158.0
2011-01-20 01:00:00,-25.0,3.0,115.0
2011-01-20 02:00:00,-16.0,2.0,77.0
2011-01-20 03:00:00,-18.0,2.0,88.0
2011-01-20 04:00:00,-19.0,2.0,89.0
2011-01-20 05:00:00,-15.0,2.0,70.0
2011-01-20 06:00:00,-34.0,3.0,157.0
2011-01-20 07:00:00,-37.0,3.0,173.0
2011-01-20 08:00:00,-84.0,13.0,385.0
2011-01-20 09:00:00,-116.0,17.0,534.0
2011-01-20 10:00:00,-114.0,18.0,525.0
2011-01-20 11:00:00,-102.0,13.0,472.0
2011-01-20 12:00:00,-84.0,14.0,384.0
2011-01-20 13:00:00,-86.0,13.0,395.0
2011-01-20 14:00:00,-90.0,15.0,414.0
2011-01-20 15:00:00,-76.0,11.0,350.0
2011-01-20 16:00:00,-90.0,14.0,414.0
2011-01-20 17:00:00,-135.0,22.0,620.0
2011-01-20 18:00:00,-160.0,29.0,733.0
2011-01-20 19:00:00,-134.0,21.0,612.0
2011-01-20 20:00:00,-107.0,15.0,490.0
2011-01-20 21:00:00,-112.0,14.0,517.0
2011-01-20 22:00:00,-77.0,7.0,357.0
2011-01-20 23:00:00,-65.0,6.0,302.0
2011-01-21 00:00:00,-59.0,6.0,272.0
2011-01-21 01:00:00,-68.0,6.0,314.0
2011-01-21 02:00:00,-64.0,5.0,296.0
2011-01-21 03:00:00,-69.0,5.0,323.0
2011-01-21 04:00:00,-71.0,7.0,328.0
2011-01-21 05:00:00,-94.0,7.0,434.0
2011-01-21 06:00:00,-96.0,11.0,442.0
2011-01-21 07:00:00,-129.0,15.0,594.0
2011-01-21 08:00:00,-147.0,21.0,675.0
2011-01-21 09:00:00,-180.0,29.0,822.0
2011-01-21 10:00:00,-140.0,21.0,642.0
2011-01-21 11:00:00,-157.0,22.0,721.0
2011-01-21 12:00:00,-153.0,23.0,700.0
2011-01-21 13:00:00,-149.0,24.0,680.0
2011-01-21 14:00:00,-104.0,15.0,480.0
2011-01-21 15:00:00,-130.0,17.0,598.0
2011-01-21 16:00:00,-166.0,23.0,763.0
2011-01-21 17:00:00,-139.0,19.0,637.0
2011-01-21 18:00:00,-139.0,20.0,639.0
2011-01-21 19:00:00,-160.0,22.0,735.0
2011-01-21 20:00:00,-199.0,33.0,910.0
2011-01-21 21:00:00,-200.0,34.0,916.0
2011-01-21 22:00:00,-166.0,23.0,762.0
2011-01-21 23:00:00,-157.0,20.0,721.0
2011-01-22 00:00:00,-145.0,18.0,668.0
2011-01-22 01:00:00,-140.0,16.0,644.0
2011-01-22 02:00:00,-134.0,15.0,618.0
2011-01-22 03:00:00,-130.0,14.0,598.0
2011-01-22 04:00:00,-90.0,10.0,417.0
2011-01-22 05:00:00,-112.0,13.0,518.0
2011-01-22 06:00:00,-111.0,12.0,514.0
2011-01-22 07:00:00,-112.0,15.0,513.0
2011-01-22 08:00:00,-120.0,17.0,549.0
2011-01-22 09:00:00,-130.0,17.0,597.0
2011-01-22 10:00:00,-136.0,20.0,626.0
2011-01-22 11:00:00,-144.0,19.0,662.0
2011-01-22 12:00:00,-133.0,17.0,611.0
2011-01-22 13:00:00,-98.0,15.0,453.0
2011-01-22 14:00:00,-103.0,17.0,474.0
2011-01-22 15:00:00,-53.0,7.0,244.0
2011-01-22 16:00:00,-56.0,6.0,261.0
2011-01-22 17:00:00,-68.0,8.0,312.0
2011-01-22 18:00:00,-71.0,9.0,326.0
2011-01-22 19:00:00,-95.0,13.0,438.0
2011-01-22 20:00:00,-93.0,14.0,427.0
2011-01-22 21:00:00,-124.0,18.0,569.0
2011-01-22 22:00:00,-132.0,18.0,606.0
2011-01-22 23:00:00,-122.0,15.0,560.0
2011-01-23 00:00:00,-101.0,10.0,467.0
2011-01-23 01:00:00,-76.0,8.0,353.0
2011-01-23 02:00:00,-68.0,7.0,314.0
2011-01-23 03:00:00,-78.0,5.0,362.0
2011-01-23 04:00:00,-62.0,5.0,287.0
2011-01-23 05:00:00,-38.0,3.0,178.0
2011-01-23 06:00:00,-35.0,3.0,164.0
2011-01-23 07:00:00,-36.0,2.0,169.0
2011-01-23 08:00:00,-39.0,3.0,182.0
2011-01-23 09:00:00,-61.0,5.0,286.0
2011-01-23 10:00:00,-71.0,6.0,328.0
2011-01-23 11:00:00,-70.0,7.0,325.0
2011-01-23 12:00:00,-87.0,10.0,402.0
2011-01-23 13:00:00,-94.0,10.0,434.0
2011-01-23 14:00:00,-86.0,9.0,398.0
2011-01-23 15:00:00,-87.0,11.0,403.0
2011-01-23 16:00:00,-53.0,6.0,246.0
2011-01-23 17:00:00,-51.0,3.0,240.0
2011-01-23 18:00:00,-62.0,4.0,287.0
2011-01-23 19:00:00,-65.0,7.0,303.0
2011-01-23 20:00:00,-72.0,9.0,335.0
2011-01-23 21:00:00,-51.0,4.0,238.0
2011-01-23 22:00:00,-53.0,4.0,246.0
2011-01-23 23:00:00,-53.0,5.0,248.0
2011-01-24 00:00:00,-51.0,4.0,240.0
2011-01-24 01:00:00,-45.0,5.0,209.0
2011-01-24 02:00:00,-66.0,8.0,306.0
2011-01-24 03:00:00,-40.0,2.0,186.0
2011-01-24 04:00:00,-17.0,2.0,81.0
2011-01-24 05:00:00,-18.0,1.0,87.0
2011-01-24 06:00:00,-19.0,2.0,93.0
2011-01-24 07:00:00,-39.0,3.0,182.0
2011-01-24 08:00:00,-91.0,11.0,419.0
2011-01-24 09:00:00,-83.0,10.0,384.0
2011-01-24 10:00:00,-54.0,7.0,253.0
2011-01-24 11:00:00,-57.0,6.0,266.0
2011-01-24 12:00:00,-47.0,7.0,217.0
2011-01-24 13:00:00,-50.0,6.0,234.0
2011-01-24 14:00:00,-47.0,5.0,221.0
2011-01-24 15:00:00,-56.0,9.0,258.0
2011-01-24 16:00:00,-54.0,7.0,251.0
2011-01-24 17:00:00,-60.0,8.0,276.0
2011-01-24 18:00:00,-73.0,9.0,338.0
2011-01-24 19:00:00,-64.0,9.0,294.0
2011-01-24 20:00:00,-73.0,8.0,340.0
2011-01-24 21:00:00,-40.0,3.0,187.0
2011-01-24 22:00:00,-25.0,3.0,118.0
2011-01-24 23:00:00,-26.0,2.0,123.0
2011-01-25 00:00:00,-18.0,2.0,86.0
2011-01-25 01:00:00,-16.0,1.0,78.0
2011-01-25 02:00:00,-13.0,1.0,63.0
2011-01-25 03:00:00,-15.0,1.0,75.0
2011-01-25 04:00:00,-11.0,1.0,54.0
2011-01-25 05:00:00,-15.0,0.0,70.0
2011-01-25 06:00:00,-10.0,0.0,51.0
2011-01-25 07:00:00,-16.0,1.0,77.0
2011-01-25 08:00:00,-36.0,3.0,166.0
2011-01-25 09:00:00,-59.0,6.0,274.0
2011-01-25 10:00:00,-50.0,5.0,231.0
2011-01-25 11:00:00,-45.0,4.0,212.0
2011-01-25 12:00:00,-34.0,4.0,158.0
2011-01-25 13:00:00,-37.0,3.0,174.0
2011-01-25 14:00:00,-40.0,5.0,185.0
2011-01-25 15:00:00,-39.0,5.0,183.0
2011-01-25 16:00:00,-32.0,4.0,151.0
2011-01-25 17:00:00,-31.0,4.0,146.0
2011-01-25 18:00:00,-46.0,4.0,215.0
2011-01-25 19:00:00,-64.0,7.0,296.0
2011-01-25 20:00:00,-64.0,7.0,296.0
2011-01-25 21:00:00,-31.0,3.0,144.0
2011-01-25 22:00:00,-35.0,3.0,165.0
2011-01-25 23:00:00,-26.0,2.0,122.0
2011-01-26 00:00:00,-22.0,2.0,103.0
2011-01-26 01:00:00,-19.0,2.0,92.0
2011-01-26 02:00:00,-17.0,1.0,80.0
2011-01-26 03:00:00,-15.0,1.0,72.0
2011-01-26 04:00:00,-11.0,0.0,52.0
2011-01-26 05:00:00,-8.0,0.0,40.0
2011-01-26 06:00:00,-16.0,1.0,77.0
2011-01-26 07:00:00,-21.0,2.0,98.0
2011-01-26 08:00:00,-31.0,3.0,147.0
2011-01-26 09:00:00,-37.0,5.0,174.0
2011-01-26 10:00:00,-33.0,3.0,155.0
2011-01-26 11:00:00,-43.0,3.0,199.0
2011-01-26 12:00:00,-37.0,3.0,175.0
2011-01-26 13:00:00,-32.0,4.0,148.0
2011-01-26 14:00:00,-47.0,6.0,220.0
2011-01-26 15:00:00,-32.0,4.0,150.0
2011-01-26 16:00:00,-53.0,4.0,246.0
2011-01-26 17:00:00,-44.0,5.0,204.0
2011-01-26 18:00:00,-83.0,10.0,381.0
2011-01-26 19:00:00,-72.0,8.0,333.0
2011-01-26 20:00:00,-70.0,9.0,323.0
2011-01-26 21:00:00,-56.0,6.0,260.0
2011-01-26 22:00:00,-33.0,3.0,155.0
2011-01-26 23:00:00,-37.0,3.0,174.0
2011-01-27 00:00:00,-35.0,4.0,165.0
2011-01-27 01:00:00,-34.0,3.0,160.0
2011-01-27 02:00:00,-44.0,3.0,205.0
2011-01-27 03:00:00,-22.0,2.0,102.0
2011-01-27 04:00:00,-18.0,1.0,85.0
2011-01-27 05:00:00,-15.0,1.0,72.0
2011-01-27 06:00:00,-17.0,2.0,81.0
2011-01-27 07:00:00,-26.0,2.0,121.0
2011-01-27 08:00:00,-69.0,8.0,318.0
2011-01-27 09:00:00,-62.0,8.0,288.0
2011-01-27 10:00:00,-50.0,6.0,232.0
2011-01-27 11:00:00,-40.0,5.0,186.0
2011-01-27 12:00:00,-31.0,3.0,144.0
2011-01-27 13:00:00,-49.0,5.0,229.0
2011-01-27 14:00:00,-41.0,4.0,193.0
2011-01-27 15:00:00,-46.0,5.0,215.0
2011-01-27 16:00:00,-43.0,4.0,199.0
2011-01-27 17:00:00,-47.0,5.0,218.0
2011-01-27 18:00:00,-66.0,7.0,304.0
2011-01-27 19:00:00,-75.0,10.0,346.0
2011-01-27 20:00:00,-92.0,11.0,422.0
2011-01-27 21:00:00,-63.0,6.0,291.0
2011-01-27 22:00:00,-47.0,4.0,217.0
2011-01-27 23:00:00,-50.0,4.0,235.0
2011-01-28 00:00:00,-39.0,3.0,184.0
2011-01-28 01:00:00,-41.0,3.0,192.0
2011-01-28 02:00:00,-31.0,3.0,145.0
2011-01-28 03:00:00,-31.0,2.0,148.0
2011-01-28 04:00:00,-26.0,2.0,121.0
2011-01-28 05:00:00,-17.0,2.0,81.0
2011-01-28 06:00:00,-22.0,2.0,104.0
2011-01-28 07:00:00,-28.0,2.0,133.0
2011-01-28 08:00:00,-69.0,7.0,321.0
2011-01-28 09:00:00,-77.0,8.0,355.0
2011-01-28 10:00:00,-66.0,7.0,306.0
2011-01-28 11:00:00,-53.0,6.0,246.0
2011-01-28 12:00:00,-53.0,6.0,248.0
2011-01-28 13:00:00,-58.0,5.0,271.0
2011-01-28 14:00:00,-73.0,8.0,340.0
2011-01-28 15:00:00,-60.0,5.0,279.0
2011-01-28 16:00:00,-46.0,4.0,216.0
2011-01-28 17:00:00,-31.0,-1.0,146.0
2011-01-28 18:00:00,-34.0,-2.0,163.0
2011-01-28 19:00:00,-34.0,-2.0,159.0
2011-01-28 20:00:00,-30.0,-1.0,144.0
2011-01-28 21:00:00,-29.0,-1.0,138.0
2011-01-28 22:00:00,-32.0,-1.0,152.0
2011-01-28 23:00:00,-30.0,-1.0,142.0
2011-01-29 00:00:00,-35.0,-2.0,167.0
2011-01-29 01:00:00,-35.0,-2.0,168.0
2011-01-29 02:00:00,-27.0,2.0,126.0
2011-01-29 03:00:00,-21.0,2.0,101.0
2011-01-29 04:00:00,-22.0,1.0,105.0
2011-01-29 05:00:00,-19.0,1.0,92.0
2011-01-29 06:00:00,-22.0,2.0,103.0
2011-01-29 07:00:00,-30.0,2.0,140.0
2011-01-29 08:00:00,-36.0,3.0,168.0
2011-01-29 09:00:00,-42.0,3.0,199.0
2011-01-29 10:00:00,-49.0,3.0,229.0
2011-01-29 11:00:00,-41.0,3.0,190.0
2011-01-29 12:00:00,-28.0,3.0,133.0
2011-01-29 13:00:00,-37.0,3.0,175.0
2011-01-29 14:00:00,-43.0,4.0,199.0
2011-01-29 15:00:00,-24.0,3.0,114.0
2011-01-29 16:00:00,-36.0,3.0,169.0
2011-01-29 17:00:00,-39.0,3.0,184.0
2011-01-29 18:00:00,-42.0,3.0,195.0
2011-01-29 19:00:00,-39.0,3.0,182.0
2011-01-29 20:00:00,-43.0,4.0,202.0
2011-01-29 21:00:00,-38.0,3.0,178.0
2011-01-29 22:00:00,-34.0,3.0,161.0
2011-01-29 23:00:00,-29.0,3.0,136.0
2011-01-30 00:00:00,-39.0,3.0,182.0
2011-01-30 01:00:00,-29.0,3.0,136.0
2011-01-30 02:00:00,-23.0,2.0,107.0
2011-01-30 03:00:00,-38.0,3.0,176.0
2011-01-30 04:00:00,-32.0,2.0,148.0
2011-01-30 05:00:00,-22.0,1.0,103.0
2011-01-30 06:00:00,-22.0,2.0,104.0
2011-01-30 07:00:00,-16.0,1.0,76.0
2011-01-30 08:00:00,-17.0,2.0,83.0
2011-01-30 09:00:00,-23.0,2.0,107.0
2011-01-30 10:00:00,-26.0,3.0,121.0
2011-01-30 11:00:00,-29.0,3.0,138.0
2011-01-30 12:00:00,-27.0,3.0,129.0
2011-01-30 13:00:00,-31.0,3.0,145.0
2011-01-30 14:00:00,-24.0,2.0,111.0
2011-01-30 15:00:00,-31.0,3.0,146.0
2011-01-30 16:00:00,-25.0,3.0,119.0
2011-01-30 17:00:00,-38.0,3.0,176.0
2011-01-30 18:00:00,-35.0,3.0,163.0
2011-01-30 19:00:00,-38.0,4.0,179.0
2011-01-30 20:00:00,-59.0,4.0,274.0
2011-01-30 21:00:00,-47.0,4.0,219.0
2011-01-30 22:00:00,-37.0,3.0,173.0
2011-01-30 23:00:00,-37.0,4.0,175.0
2011-01-31 00:00:00,-48.0,4.0,222.0
2011-01-31 01:00:00,-40.0,3.0,186.0
2011-01-31 02:00:00,-29.0,2.0,139.0
2011-01-31 03:00:00,-21.0,2.0,100.0
2011-01-31 04:00:00,-16.0,1.0,78.0
2011-01-31 05:00:00,-18.0,1.0,86.0
2011-01-31 06:00:00,-16.0,1.0,75.0
2011-01-31 07:00:00,-25.0,2.0,118.0
2011-01-31 08:00:00,-72.0,8.0,334.0
2011-01-31 09:00:00,-115.0,15.0,528.0
2011-01-31 10:00:00,-123.0,15.0,564.0
2011-01-31 11:00:00,-83.0,12.0,381.0
2011-01-31 12:00:00,-95.0,13.0,437.0
2011-01-31 13:00:00,-94.0,11.0,432.0
2011-01-31 14:00:00,-98.0,12.0,454.0
2011-01-31 15:00:00,-115.0,15.0,531.0
2011-01-31 16:00:00,-107.0,15.0,491.0
2011-01-31 17:00:00,-141.0,21.0,645.0
2011-01-31 18:00:00,-159.0,26.0,730.0
2011-01-31 19:00:00,-169.0,27.0,775.0
2011-01-31 20:00:00,-194.0,29.0,887.0
2011-01-31 21:00:00,-123.0,14.0,566.0
2011-01-31 22:00:00,-87.0,8.0,403.0
2011-01-31 23:00:00,-77.0,7.0,357.0
2011-02-01 00:00:00,-78.0,5.0,364.0
2011-02-01 01:00:00,-72.0,4.0,334.0
2011-02-01 02:00:00,-62.0,4.0,287.0
2011-02-01 03:00:00,-51.0,4.0,239.0
2011-02-01 04:00:00,-62.0,4.0,287.0
2011-02-01 05:00:00,-71.0,4.0,332.0
2011-02-01 06:00:00,-75.0,5.0,348.0
2011-02-01 07:00:00,-95.0,9.0,439.0
2011-02-01 08:00:00,-156.0,23.0,717.0
2011-02-01 09:00:00,-189.0,25.0,867.0
2011-02-01 10:00:00,-166.0,20.0,761.0
2011-02-01 11:00:00,-175.0,24.0,802.0
2011-02-01 12:00:00,-155.0,21.0,713.0
2011-02-01 13:00:00,-139.0,18.0,640.0
2011-02-01 14:00:00,-147.0,22.0,675.0
2011-02-01 15:00:00,-145.0,19.0,665.0
2011-02-01 16:00:00,-96.0,14.0,444.0
2011-02-01 17:00:00,-121.0,18.0,556.0
2011-02-01 18:00:00,-110.0,14.0,505.0
2011-02-01 19:00:00,-129.0,17.0,596.0
2011-02-01 20:00:00,-109.0,14.0,501.0
2011-02-01 21:00:00,-88.0,11.0,405.0
2011-02-01 22:00:00,-71.0,7.0,329.0
2011-02-01 23:00:00,-58.0,5.0,268.0
2011-02-02 00:00:00,-62.0,5.0,287.0
2011-02-02 01:00:00,-59.0,5.0,275.0
2011-02-02 02:00:00,-75.0,8.0,346.0
2011-02-02 03:00:00,-85.0,8.0,392.0
2011-02-02 04:00:00,-74.0,5.0,345.0
2011-02-02 05:00:00,-66.0,3.0,307.0
2011-02-02 06:00:00,-71.0,4.0,330.0
2011-02-02 07:00:00,-64.0,5.0,297.0
2011-02-02 08:00:00,-129.0,17.0,594.0
2011-02-02 09:00:00,-179.0,28.0,818.0
2011-02-02 10:00:00,-164.0,21.0,754.0
2011-02-02 11:00:00,-125.0,17.0,575.0
2011-02-02 12:00:00,-118.0,17.0,541.0
2011-02-02 13:00:00,-73.0,11.0,334.0
2011-02-02 14:00:00,-89.0,12.0,408.0
2011-02-02 15:00:00,-60.0,9.0,278.0
2011-02-02 16:00:00,-67.0,10.0,309.0
2011-02-02 17:00:00,-92.0,14.0,421.0
2011-02-02 18:00:00,-117.0,18.0,539.0
2011-02-02 19:00:00,-146.0,25.0,670.0
2011-02-02 20:00:00,-174.0,29.0,797.0
2011-02-02 21:00:00,-148.0,18.0,682.0
2011-02-02 22:00:00,-80.0,7.0,372.0
2011-02-02 23:00:00,-81.0,8.0,375.0
2011-02-03 00:00:00,-78.0,7.0,361.0
2011-02-03 01:00:00,-81.0,7.0,375.0
2011-02-03 02:00:00,-55.0,4.0,257.0
2011-02-03 03:00:00,-61.0,3.0,282.0
2011-02-03 04:00:00,-60.0,3.0,280.0
2011-02-03 05:00:00,-58.0,3.0,270.0
2011-02-03 06:00:00,-61.0,3.0,285.0
2011-02-03 07:00:00,-58.0,4.0,270.0
2011-02-03 08:00:00,-143.0,19.0,657.0
2011-02-03 09:00:00,-180.0,27.0,826.0
2011-02-03 10:00:00,-172.0,23.0,788.0
2011-02-03 11:00:00,-126.0,16.0,578.0
2011-02-03 12:00:00,-104.0,12.0,480.0
2011-02-03 13:00:00,-121.0,15.0,555.0
2011-02-03 14:00:00,-119.0,15.0,546.0
2011-02-03 15:00:00,-83.0,12.0,381.0
2011-02-03 16:00:00,-99.0,13.0,454.0
2011-02-03 17:00:00,-125.0,17.0,573.0
2011-02-03 18:00:00,-191.0,31.0,874.0
2011-02-03 19:00:00,-194.0,31.0,886.0
2011-02-03 20:00:00,-123.0,18.0,565.0
2011-02-03 21:00:00,-112.0,14.0,517.0
2011-02-03 22:00:00,-139.0,16.0,640.0
2011-02-03 23:00:00,-94.0,9.0,434.0
2011-02-04 00:00:00,-75.0,7.0,348.0
2011-02-04 01:00:00,-64.0,5.0,296.0
2011-02-04 02:00:00,-56.0,3.0,259.0
2011-02-04 03:00:00,-65.0,5.0,302.0
2011-02-04 04:00:00,-49.0,3.0,231.0
2011-02-04 05:00:00,-39.0,3.0,184.0
2011-02-04 06:00:00,-71.0,4.0,328.0
2011-02-04 07:00:00,-90.0,7.0,415.0
2011-02-04 08:00:00,-134.0,21.0,616.0
2011-02-04 09:00:00,-154.0,21.0,708.0
2011-02-04 10:00:00,-115.0,18.0,530.0
2011-02-04 11:00:00,-115.0,17.0,530.0
2011-02-04 12:00:00,-58.0,8.0,268.0
2011-02-04 13:00:00,-46.0,7.0,214.0
2011-02-04 14:00:00,-70.0,10.0,325.0
2011-02-04 15:00:00,-59.0,8.0,274.0
2011-02-04 16:00:00,-46.0,7.0,213.0
2011-02-04 17:00:00,-73.0,9.0,336.0
2011-02-04 18:00:00,-78.0,11.0,361.0
2011-02-04 19:00:00,-95.0,13.0,437.0
2011-02-04 20:00:00,-78.0,11.0,361.0
2011-02-04 21:00:00,-90.0,12.0,415.0
2011-02-04 22:00:00,-73.0,7.0,339.0
2011-02-04 23:00:00,-56.0,5.0,259.0
2011-02-05 00:00:00,-67.0,5.0,311.0
2011-02-05 01:00:00,-62.0,5.0,289.0
2011-02-05 02:00:00,-72.0,5.0,336.0
2011-02-05 03:00:00,-93.0,7.0,429.0
2011-02-05 04:00:00,-69.0,6.0,318.0
2011-02-05 05:00:00,-75.0,5.0,347.0
2011-02-05 06:00:00,-69.0,5.0,319.0
2011-02-05 07:00:00,-86.0,8.0,396.0
2011-02-05 08:00:00,-127.0,13.0,584.0
2011-02-05 09:00:00,-91.0,12.0,418.0
2011-02-05 10:00:00,-55.0,6.0,256.0
2011-02-05 11:00:00,-46.0,4.0,214.0
2011-02-05 12:00:00,-35.0,4.0,164.0
2011-02-05 13:00:00,-48.0,5.0,221.0
2011-02-05 14:00:00,-38.0,4.0,179.0
2011-02-05 15:00:00,-36.0,4.0,170.0
2011-02-05 16:00:00,-43.0,4.0,201.0
2011-02-05 17:00:00,-37.0,4.0,171.0
2011-02-05 18:00:00,-48.0,4.0,224.0
2011-02-05 19:00:00,-72.0,7.0,335.0
2011-02-05 20:00:00,-47.0,5.0,218.0
2011-02-05 21:00:00,-67.0,6.0,313.0
2011-02-05 22:00:00,-54.0,3.0,250.0
2011-02-05 23:00:00,-63.0,5.0,293.0
2011-02-06 00:00:00,-63.0,5.0,291.0
2011-02-06 01:00:00,-64.0,5.0,299.0
2011-02-06 02:00:00,-66.0,6.0,307.0
2011-02-06 03:00:00,-52.0,3.0,241.0
2011-02-06 04:00:00,-50.0,3.0,232.0
2011-02-06 05:00:00,-41.0,3.0,191.0
2011-02-06 06:00:00,-42.0,2.0,196.0
2011-02-06 07:00:00,-29.0,2.0,135.0
2011-02-06 08:00:00,-35.0,2.0,165.0
2011-02-06 09:00:00,-48.0,3.0,223.0
2011-02-06 10:00:00,-58.0,5.0,269.0
2011-02-06 11:00:00,-68.0,6.0,315.0
2011-02-06 12:00:00,-39.0,5.0,183.0
2011-02-06 13:00:00,-37.0,4.0,174.0
2011-02-06 14:00:00,-35.0,3.0,164.0
2011-02-06 15:00:00,-26.0,3.0,121.0
2011-02-06 16:00:00,-29.0,3.0,138.0
2011-02-06 17:00:00,-35.0,4.0,163.0
2011-02-06 18:00:00,-36.0,3.0,167.0
2011-02-06 19:00:00,-52.0,5.0,241.0
2011-02-06 20:00:00,-60.0,5.0,279.0
2011-02-06 21:00:00,-51.0,4.0,236.0
2011-02-06 22:00:00,-41.0,3.0,194.0
2011-02-06 23:00:00,-38.0,3.0,178.0
2011-02-07 00:00:00,-35.0,3.0,163.0
2011-02-07 01:00:00,-37.0,3.0,175.0
2011-02-07 02:00:00,-31.0,3.0,147.0
2011-02-07 03:00:00,-23.0,2.0,110.0
2011-02-07 04:00:00,-30.0,2.0,140.0
2011-02-07 05:00:00,-27.0,2.0,126.0
2011-02-07 06:00:00,-38.0,2.0,179.0
2011-02-07 07:00:00,-47.0,3.0,220.0
2011-02-07 08:00:00,-88.0,10.0,405.0
2011-02-07 09:00:00,-98.0,12.0,453.0
2011-02-07 10:00:00,-88.0,9.0,408.0
2011-02-07 11:00:00,-77.0,8.0,355.0
2011-02-07 12:00:00,-52.0,6.0,241.0
2011-02-07 13:00:00,-57.0,8.0,263.0
2011-02-07 14:00:00,-39.0,6.0,180.0
2011-02-07 15:00:00,-52.0,6.0,240.0
2011-02-07 16:00:00,-53.0,5.0,248.0
2011-02-07 17:00:00,-72.0,8.0,332.0
2011-02-07 18:00:00,-78.0,9.0,359.0
2011-02-07 19:00:00,-63.0,9.0,289.0
2011-02-07 20:00:00,-58.0,8.0,267.0
2011-02-07 21:00:00,-54.0,5.0,250.0
2011-02-07 22:00:00,-40.0,4.0,189.0
2011-02-07 23:00:00,-36.0,3.0,168.0
2011-02-08 00:00:00,-37.0,3.0,171.0
2011-02-08 01:00:00,-24.0,2.0,115.0
2011-02-08 02:00:00,-21.0,2.0,102.0
2011-02-08 03:00:00,-21.0,1.0,98.0
2011-02-08 04:00:00,-22.0,2.0,105.0
2011-02-08 05:00:00,-24.0,2.0,113.0
2011-02-08 06:00:00,-39.0,3.0,180.0
2011-02-08 07:00:00,-47.0,4.0,221.0
2011-02-08 08:00:00,-99.0,10.0,458.0
2011-02-08 09:00:00,-102.0,16.0,470.0
2011-02-08 10:00:00,-72.0,9.0,335.0
2011-02-08 11:00:00,-69.0,7.0,319.0
2011-02-08 12:00:00,-71.0,9.0,328.0
2011-02-08 13:00:00,-59.0,7.0,272.0
2011-02-08 14:00:00,-67.0,9.0,309.0
2011-02-08 15:00:00,-49.0,5.0,228.0
2011-02-08 16:00:00,-40.0,5.0,187.0
2011-02-08 17:00:00,-34.0,-2.0,163.0
2011-02-08 18:00:00,-33.0,-1.0,157.0
2011-02-08 19:00:00,-36.0,-2.0,171.0
2011-02-08 20:00:00,-32.0,-1.0,150.0
2011-02-08 21:00:00,-38.0,-2.0,181.0
2011-02-08 22:00:00,-31.0,-1.0,150.0
2011-02-08 23:00:00,-29.0,-1.0,139.0
2011-02-09 00:00:00,-36.0,-2.0,170.0
2011-02-09 01:00:00,-35.0,-2.0,168.0
2011-02-09 02:00:00,-41.0,-2.0,193.0
2011-02-09 03:00:00,-40.0,-2.0,191.0
2011-02-09 04:00:00,-39.0,-2.0,186.0
2011-02-09 05:00:00,-36.0,-2.0,169.0
2011-02-09 06:00:00,-34.0,-2.0,163.0
2011-02-09 07:00:00,-37.0,-2.0,175.0
2011-02-09 08:00:00,-33.0,-2.0,158.0
2011-02-09 09:00:00,-41.0,-2.0,192.0
2011-02-09 10:00:00,-37.0,-2.0,177.0
2011-02-09 11:00:00,-29.0,-1.0,138.0
2011-02-09 12:00:00,-31.0,-1.0,146.0
2011-02-09 13:00:00,-34.0,-2.0,160.0
2011-02-09 14:00:00,-34.0,-2.0,163.0
2011-02-09 15:00:00,-35.0,-2.0,166.0
2011-02-09 16:00:00,-33.0,-2.0,157.0
2011-02-09 17:00:00,-30.0,-1.0,145.0
2011-02-09 18:00:00,-38.0,-2.0,182.0
2011-02-09 19:00:00,-30.0,-1.0,142.0
2011-02-09 20:00:00,-30.0,-1.0,145.0
2011-02-09 21:00:00,-34.0,-2.0,163.0
2011-02-09 22:00:00,-35.0,-2.0,166.0
2011-02-09 23:00:00,-37.0,-2.0,176.0
2011-02-10 00:00:00,-41.0,-2.0,194.0
2011-02-10 01:00:00,-35.0,-2.0,168.0
2011-02-10 02:00:00,-35.0,-2.0,167.0
2011-02-10 03:00:00,-39.0,-2.0,183.0
2011-02-10 04:00:00,-38.0,-2.0,179.0
2011-02-10 05:00:00,-36.0,-2.0,172.0
2011-02-10 06:00:00,-39.0,-2.0,187.0
2011-02-10 07:00:00,-35.0,-2.0,169.0
2011-02-10 08:00:00,-36.0,-2.0,171.0
2011-02-10 09:00:00,-33.0,-1.0,156.0
2011-02-10 10:00:00,-33.0,-1.0,157.0
2011-02-10 11:00:00,-34.0,-2.0,164.0
2011-02-10 12:00:00,-31.0,-1.0,149.0
2011-02-10 13:00:00,-30.0,-1.0,145.0
2011-02-10 14:00:00,-33.0,-1.0,155.0
2011-02-10 15:00:00,-32.0,-1.0,151.0
2011-02-10 16:00:00,-32.0,-1.0,151.0
2011-02-10 17:00:00,-35.0,-2.0,164.0
2011-02-10 18:00:00,-34.0,-2.0,160.0
2011-02-10 19:00:00,-33.0,-1.0,159.0
2011-02-10 20:00:00,-35.0,-2.0,167.0
2011-02-10 21:00:00,-39.0,-2.0,186.0
2011-02-10 22:00:00,-36.0,-2.0,173.0
2011-02-10 23:00:00,-34.0,-2.0,160.0
2011-02-11 00:00:00,-33.0,-2.0,159.0
2011-02-11 01:00:00,-38.0,-2.0,178.0
2011-02-11 02:00:00,-34.0,-2.0,162.0
2011-02-11 03:00:00,-38.0,-2.0,180.0
2011-02-11 04:00:00,-39.0,-2.0,185.0
2011-02-11 05:00:00,-37.0,-2.0,176.0
2011-02-11 06:00:00,-37.0,-2.0,174.0
2011-02-11 07:00:00,-41.0,-2.0,195.0
2011-02-11 08:00:00,-33.0,-2.0,159.0
2011-02-11 09:00:00,-39.0,-2.0,184.0
2011-02-11 10:00:00,-34.0,-2.0,163.0
2011-02-11 11:00:00,-31.0,-1.0,146.0
2011-02-11 12:00:00,-38.0,-2.0,180.0
2011-02-11 13:00:00,-35.0,-1.0,165.0
2011-02-11 14:00:00,-35.0,-2.0,168.0
2011-02-11 15:00:00,-32.0,-1.0,153.0
2011-02-11 16:00:00,-31.0,-1.0,150.0
2011-02-11 17:00:00,-35.0,-2.0,164.0
2011-02-11 18:00:00,-31.0,-1.0,146.0
2011-02-11 19:00:00,-32.0,-1.0,154.0
2011-02-11 20:00:00,-32.0,-1.0,152.0
2011-02-11 21:00:00,-156.0,20.0,715.0
2011-02-11 22:00:00,-139.0,16.0,638.0
2011-02-11 23:00:00,-136.0,16.0,628.0
2011-02-12 00:00:00,-152.0,16.0,698.0
2011-02-12 01:00:00,-142.0,16.0,656.0
2011-02-12 02:00:00,-107.0,12.0,493.0
2011-02-12 03:00:00,-89.0,8.0,414.0
2011-02-12 04:00:00,-75.0,6.0,350.0
2011-02-12 05:00:00,-86.0,7.0,396.0
2011-02-12 06:00:00,-94.0,9.0,436.0
2011-02-12 07:00:00,-100.0,9.0,461.0
2011-02-12 08:00:00,-111.0,15.0,510.0
2011-02-12 09:00:00,-111.0,15.0,511.0
2011-02-12 10:00:00,-121.0,16.0,556.0
2011-02-12 11:00:00,-147.0,19.0,677.0
2011-02-12 12:00:00,-153.0,20.0,704.0
2011-02-12 13:00:00,-141.0,21.0,647.0
2011-02-12 14:00:00,-158.0,21.0,727.0
2011-02-12 15:00:00,-145.0,20.0,665.0
2011-02-12 16:00:00,-133.0,18.0,613.0
2011-02-12 17:00:00,-137.0,20.0,627.0
2011-02-12 18:00:00,-159.0,25.0,727.0
2011-02-12 19:00:00,-159.0,24.0,730.0
2011-02-12 20:00:00,-174.0,27.0,797.0
2011-02-12 21:00:00,-178.0,23.0,817.0
2011-02-12 22:00:00,-182.0,23.0,835.0
2011-02-12 23:00:00,-191.0,24.0,876.0
2011-02-13 00:00:00,-170.0,22.0,779.0
2011-02-13 01:00:00,-170.0,22.0,783.0
2011-02-13 02:00:00,-131.0,15.0,602.0
2011-02-13 03:00:00,-104.0,13.0,481.0
2011-02-13 04:00:00,-134.0,15.0,618.0
2011-02-13 05:00:00,-99.0,12.0,458.0
2011-02-13 06:00:00,-95.0,12.0,437.0
2011-02-13 07:00:00,-92.0,11.0,426.0
2011-02-13 08:00:00,-101.0,14.0,466.0
2011-02-13 09:00:00,-140.0,17.0,642.0
2011-02-13 10:00:00,-121.0,16.0,557.0
2011-02-13 11:00:00,-102.0,12.0,470.0
2011-02-13 12:00:00,-41.0,8.0,191.0
2011-02-13 13:00:00,-25.0,6.0,118.0
2011-02-13 14:00:00,-39.0,8.0,182.0
2011-02-13 15:00:00,-55.0,10.0,255.0
2011-02-13 16:00:00,-30.0,6.0,140.0
2011-02-13 17:00:00,-27.0,6.0,126.0
2011-02-13 18:00:00,-51.0,12.0,233.0
2011-02-13 19:00:00,-69.0,11.0,317.0
2011-02-13 20:00:00,-48.0,9.0,220.0
2011-02-13 21:00:00,-31.0,5.0,143.0
2011-02-13 22:00:00,-41.0,6.0,191.0
2011-02-13 23:00:00,-51.0,7.0,238.0
2011-02-14 00:00:00,-46.0,7.0,212.0
2011-02-14 01:00:00,-45.0,7.0,208.0
2011-02-14 02:00:00,-35.0,5.0,165.0
2011-02-14 03:00:00,-33.0,4.0,153.0
2011-02-14 04:00:00,-19.0,3.0,88.0
2011-02-14 05:00:00,-20.0,2.0,97.0
2011-02-14 06:00:00,-35.0,3.0,164.0
2011-02-14 07:00:00,-28.0,3.0,129.0
2011-02-14 08:00:00,-84.0,12.0,389.0
2011-02-14 09:00:00,-84.0,11.0,387.0
2011-02-14 10:00:00,-104.0,12.0,481.0
2011-02-14 11:00:00,-198.0,24.0,908.0
2011-02-14 12:00:00,-64.0,8.0,297.0
2011-02-14 13:00:00,-55.0,8.0,255.0
2011-02-14 14:00:00,-49.0,8.0,227.0
2011-02-14 15:00:00,-50.0,7.0,231.0
2011-02-14 16:00:00,-35.0,6.0,164.0
2011-02-14 17:00:00,-45.0,7.0,210.0
2011-02-14 18:00:00,-71.0,11.0,327.0
2011-02-14 19:00:00,-113.0,16.0,518.0
2011-02-14 20:00:00,-93.0,14.0,430.0
2011-02-14 21:00:00,-96.0,11.0,445.0
2011-02-14 22:00:00,-65.0,8.0,301.0
2011-02-14 23:00:00,-66.0,8.0,306.0
2011-02-15 00:00:00,-46.0,4.0,213.0
2011-02-15 01:00:00,-27.0,3.0,125.0
2011-02-15 02:00:00,-23.0,2.0,108.0
2011-02-15 03:00:00,-17.0,2.0,83.0
2011-02-15 04:00:00,-16.0,1.0,75.0
2011-02-15 05:00:00,-11.0,1.0,52.0
2011-02-15 06:00:00,-25.0,2.0,118.0
2011-02-15 07:00:00,-43.0,3.0,199.0
2011-02-15 08:00:00,-58.0,7.0,270.0
2011-02-15 09:00:00,-67.0,8.0,309.0
2011-02-15 10:00:00,-54.0,6.0,250.0
2011-02-15 11:00:00,-36.0,4.0,170.0
2011-02-15 12:00:00,-40.0,5.0,187.0
2011-02-15 13:00:00,-42.0,6.0,195.0
2011-02-15 14:00:00,-46.0,5.0,216.0
2011-02-15 15:00:00,-35.0,4.0,162.0
2011-02-15 16:00:00,-39.0,5.0,183.0
2011-02-15 17:00:00,-52.0,6.0,243.0
2011-02-15 18:00:00,-81.0,12.0,372.0
2011-02-15 19:00:00,-105.0,15.0,485.0
2011-02-15 20:00:00,-100.0,14.0,460.0
2011-02-15 21:00:00,-86.0,11.0,397.0
2011-02-15 22:00:00,-73.0,8.0,337.0
2011-02-15 23:00:00,-96.0,10.0,443.0
2011-02-16 00:00:00,-92.0,10.0,426.0
2011-02-16 01:00:00,-96.0,11.0,445.0
2011-02-16 02:00:00,-81.0,8.0,374.0
2011-02-16 03:00:00,-84.0,7.0,391.0
2011-02-16 04:00:00,-77.0,5.0,356.0
2011-02-16 05:00:00,-70.0,4.0,327.0
2011-02-16 06:00:00,-75.0,6.0,348.0
2011-02-16 07:00:00,-111.0,11.0,511.0
2011-02-16 08:00:00,-145.0,18.0,664.0
2011-02-16 09:00:00,-89.0,13.0,409.0
2011-02-16 10:00:00,-80.0,9.0,372.0
2011-02-16 11:00:00,-59.0,5.0,275.0
2011-02-16 12:00:00,-42.0,5.0,196.0
2011-02-16 13:00:00,-58.0,7.0,268.0
2011-02-16 14:00:00,-65.0,8.0,300.0
2011-02-16 15:00:00,-47.0,6.0,219.0
2011-02-16 16:00:00,-53.0,6.0,247.0
2011-02-16 17:00:00,-70.0,7.0,322.0
2011-02-16 18:00:00,-89.0,11.0,411.0
2011-02-16 19:00:00,-112.0,15.0,514.0
2011-02-16 20:00:00,-152.0,24.0,697.0
2011-02-16 21:00:00,-128.0,19.0,587.0
2011-02-16 22:00:00,-99.0,12.0,458.0
2011-02-16 23:00:00,-77.0,9.0,357.0
2011-02-17 00:00:00,-101.0,11.0,465.0
2011-02-17 01:00:00,-89.0,8.0,410.0
2011-02-17 02:00:00,-78.0,8.0,361.0
2011-02-17 03:00:00,-48.0,4.0,223.0
2011-02-17 04:00:00,-33.0,3.0,155.0
2011-02-17 05:00:00,-23.0,2.0,110.0
2011-02-17 06:00:00,-21.0,2.0,99.0
2011-02-17 07:00:00,-47.0,4.0,219.0
2011-02-17 08:00:00,-80.0,12.0,369.0
2011-02-17 09:00:00,-74.0,11.0,339.0
2011-02-17 10:00:00,-60.0,7.0,280.0
2011-02-17 11:00:00,-50.0,5.0,233.0
2011-02-17 12:00:00,-50.0,4.0,232.0
2011-02-17 13:00:00,-50.0,5.0,234.0
2011-02-17 14:00:00,-58.0,8.0,269.0
2011-02-17 15:00:00,-53.0,6.0,247.0
2011-02-17 16:00:00,-48.0,6.0,225.0
2011-02-17 17:00:00,-49.0,6.0,228.0
2011-02-17 18:00:00,-75.0,9.0,345.0
2011-02-17 19:00:00,-85.0,10.0,392.0
2011-02-17 20:00:00,-83.0,12.0,381.0
2011-02-17 21:00:00,-72.0,8.0,335.0
2011-02-17 22:00:00,-55.0,7.0,255.0
2011-02-17 23:00:00,-33.0,3.0,156.0
2011-02-18 00:00:00,-43.0,4.0,202.0
2011-02-18 01:00:00,-45.0,4.0,211.0
2011-02-18 02:00:00,-26.0,3.0,121.0
2011-02-18 03:00:00,-25.0,3.0,120.0
2011-02-18 04:00:00,-20.0,2.0,93.0
2011-02-18 05:00:00,-25.0,2.0,118.0
2011-02-18 06:00:00,-21.0,2.0,98.0
2011-02-18 07:00:00,-31.0,3.0,145.0
2011-02-18 08:00:00,-73.0,9.0,339.0
2011-02-18 09:00:00,-71.0,11.0,330.0
2011-02-18 10:00:00,-77.0,9.0,357.0
2011-02-18 11:00:00,-46.0,6.0,211.0
2011-02-18 12:00:00,-51.0,6.0,237.0
2011-02-18 13:00:00,-35.0,6.0,162.0
2011-02-18 14:00:00,-64.0,8.0,298.0
2011-02-18 15:00:00,-55.0,8.0,257.0
2011-02-18 16:00:00,-73.0,9.0,339.0
2011-02-18 17:00:00,-90.0,11.0,417.0
2011-02-18 18:00:00,-91.0,13.0,421.0
2011-02-18 19:00:00,-103.0,15.0,474.0
2011-02-18 20:00:00,-118.0,18.0,544.0
2011-02-18 21:00:00,-95.0,12.0,437.0
2011-02-18 22:00:00,-77.0,9.0,356.0
2011-02-18 23:00:00,-111.0,13.0,512.0
2011-02-19 00:00:00,-102.0,10.0,470.0
2011-02-19 01:00:00,-83.0,7.0,385.0
2011-02-19 02:00:00,-72.0,5.0,336.0
2011-02-19 03:00:00,-67.0,4.0,312.0
2011-02-19 04:00:00,-38.0,3.0,176.0
2011-02-19 05:00:00,-44.0,2.0,206.0
2011-02-19 06:00:00,-46.0,3.0,216.0
2011-02-19 07:00:00,-55.0,5.0,257.0
2011-02-19 08:00:00,-87.0,9.0,403.0
2011-02-19 09:00:00,-90.0,11.0,416.0
2011-02-19 10:00:00,-69.0,6.0,319.0
2011-02-19 11:00:00,-76.0,8.0,353.0
2011-02-19 12:00:00,-76.0,7.0,352.0
2011-02-19 13:00:00,-40.0,4.0,187.0
2011-02-19 14:00:00,-48.0,5.0,222.0
2011-02-19 15:00:00,-34.0,4.0,160.0
2011-02-19 16:00:00,-33.0,4.0,155.0
2011-02-19 17:00:00,-50.0,6.0,234.0
2011-02-19 18:00:00,-72.0,8.0,335.0
2011-02-19 19:00:00,-86.0,12.0,398.0
2011-02-19 20:00:00,-115.0,16.0,527.0
2011-02-19 21:00:00,-90.0,13.0,414.0
2011-02-19 22:00:00,-115.0,14.0,528.0
2011-02-19 23:00:00,-92.0,10.0,424.0
2011-02-20 00:00:00,-79.0,9.0,365.0
2011-02-20 01:00:00,-74.0,7.0,341.0
2011-02-20 02:00:00,-101.0,11.0,465.0
2011-02-20 03:00:00,-72.0,6.0,334.0
2011-02-20 04:00:00,-56.0,6.0,258.0
2011-02-20 05:00:00,-28.0,3.0,132.0
2011-02-20 06:00:00,-18.0,2.0,86.0
2011-02-20 07:00:00,-19.0,2.0,89.0
2011-02-20 08:00:00,-24.0,2.0,114.0
2011-02-20 09:00:00,-20.0,2.0,93.0
2011-02-20 10:00:00,-29.0,3.0,135.0
2011-02-20 11:00:00,-27.0,3.0,127.0
2011-02-20 12:00:00,-30.0,3.0,142.0
2011-02-20 13:00:00,-42.0,3.0,197.0
2011-02-20 14:00:00,-24.0,3.0,115.0
2011-02-20 15:00:00,-37.0,4.0,173.0
2011-02-20 16:00:00,-26.0,3.0,121.0
2011-02-20 17:00:00,-33.0,3.0,154.0
2011-02-20 18:00:00,-40.0,5.0,185.0
2011-02-20 19:00:00,-42.0,3.0,195.0
2011-02-20 20:00:00,-51.0,5.0,235.0
2011-02-20 21:00:00,-48.0,4.0,222.0
2011-02-20 22:00:00,-40.0,3.0,189.0
2011-02-20 23:00:00,-28.0,4.0,133.0
2011-02-21 00:00:00,-38.0,3.0,178.0
2011-02-21 01:00:00,-30.0,3.0,140.0
2011-02-21 02:00:00,-18.0,2.0,86.0
2011-02-21 03:00:00,-21.0,1.0,100.0
2011-02-21 04:00:00,-23.0,1.0,107.0
2011-02-21 05:00:00,-25.0,2.0,118.0
2011-02-21 06:00:00,-24.0,2.0,114.0
2011-02-21 07:00:00,-49.0,5.0,230.0
2011-02-21 08:00:00,-85.0,10.0,393.0
2011-02-21 09:00:00,-86.0,13.0,395.0
2011-02-21 10:00:00,-79.0,10.0,366.0
2011-02-21 11:00:00,-74.0,7.0,345.0
2011-02-21 12:00:00,-49.0,6.0,226.0
2011-02-21 13:00:00,-83.0,10.0,382.0
2011-02-21 14:00:00,-66.0,8.0,307.0
2011-02-21 15:00:00,-72.0,9.0,334.0
2011-02-21 16:00:00,-81.0,10.0,373.0
2011-02-21 17:00:00,-64.0,10.0,294.0
2011-02-21 18:00:00,-76.0,10.0,350.0
2011-02-21 19:00:00,-103.0,20.0,470.0
2011-02-21 20:00:00,-139.0,23.0,635.0
2011-02-21 21:00:00,-79.0,9.0,364.0
2011-02-21 22:00:00,-41.0,4.0,192.0
2011-02-21 23:00:00,-43.0,3.0,202.0
2011-02-22 00:00:00,-25.0,3.0,117.0
2011-02-22 01:00:00,-32.0,2.0,149.0
2011-02-22 02:00:00,-26.0,2.0,121.0
2011-02-22 03:00:00,-21.0,1.0,99.0
2011-02-22 04:00:00,-15.0,1.0,72.0
2011-02-22 05:00:00,-24.0,2.0,113.0
2011-02-22 06:00:00,-39.0,3.0,184.0
2011-02-22 07:00:00,-61.0,6.0,284.0
2011-02-22 08:00:00,-139.0,19.0,640.0
2011-02-22 09:00:00,-147.0,23.0,673.0
2011-02-22 10:00:00,-115.0,18.0,528.0
2011-02-22 11:00:00,-65.0,8.0,302.0
2011-02-22 12:00:00,-60.0,9.0,279.0
2011-02-22 13:00:00,-85.0,11.0,390.0
2011-02-22 14:00:00,-101.0,13.0,463.0
2011-02-22 15:00:00,-76.0,10.0,349.0
2011-02-22 16:00:00,-93.0,11.0,430.0
2011-02-22 17:00:00,-72.0,9.0,333.0
2011-02-22 18:00:00,-67.0,9.0,311.0
2011-02-22 19:00:00,-82.0,13.0,377.0
2011-02-22 20:00:00,-58.0,7.0,270.0
2011-02-22 21:00:00,-86.0,8.0,397.0
2011-02-22 22:00:00,-42.0,4.0,194.0
2011-02-22 23:00:00,-41.0,3.0,190.0
2011-02-23 00:00:00,-56.0,4.0,262.0
2011-02-23 01:00:00,-40.0,3.0,186.0
2011-02-23 02:00:00,-30.0,2.0,143.0
2011-02-23 03:00:00,-26.0,2.0,122.0
2011-02-23 04:00:00,-24.0,2.0,111.0
2011-02-23 05:00:00,-17.0,1.0,80.0
2011-02-23 06:00:00,-22.0,2.0,106.0
2011-02-23 07:00:00,-25.0,2.0,120.0
2011-02-23 08:00:00,-74.0,8.0,343.0
2011-02-23 09:00:00,-59.0,5.0,276.0
2011-02-23 10:00:00,-55.0,4.0,258.0
2011-02-23 11:00:00,-47.0,4.0,218.0
2011-02-23 12:00:00,-47.0,3.0,222.0
2011-02-23 13:00:00,-63.0,7.0,292.0
2011-02-23 14:00:00,-75.0,10.0,345.0
2011-02-23 15:00:00,-79.0,11.0,364.0
2011-02-23 16:00:00,-74.0,9.0,340.0
2011-02-23 17:00:00,-79.0,11.0,365.0
2011-02-23 18:00:00,-100.0,13.0,460.0
2011-02-23 19:00:00,-86.0,11.0,399.0
2011-02-23 20:00:00,-103.0,12.0,475.0
2011-02-23 21:00:00,-114.0,12.0,528.0
2011-02-23 22:00:00,-81.0,8.0,374.0
2011-02-23 23:00:00,-50.0,5.0,233.0
2011-02-24 00:00:00,-68.0,4.0,315.0
2011-02-24 01:00:00,-40.0,3.0,189.0
2011-02-24 02:00:00,-34.0,3.0,159.0
2011-02-24 03:00:00,-30.0,2.0,141.0
2011-02-24 04:00:00,-27.0,2.0,127.0
2011-02-24 05:00:00,-30.0,2.0,139.0
2011-02-24 06:00:00,-35.0,3.0,162.0
2011-02-24 07:00:00,-58.0,5.0,268.0
2011-02-24 08:00:00,-109.0,14.0,502.0
2011-02-24 09:00:00,-101.0,14.0,464.0
2011-02-24 10:00:00,-86.0,10.0,397.0
2011-02-24 11:00:00,-65.0,5.0,301.0
2011-02-24 12:00:00,-59.0,6.0,276.0
2011-02-24 13:00:00,-53.0,6.0,248.0
2011-02-24 14:00:00,-69.0,9.0,320.0
2011-02-24 15:00:00,-82.0,12.0,377.0
2011-02-24 16:00:00,-99.0,15.0,453.0
2011-02-24 17:00:00,-112.0,17.0,514.0
2011-02-24 18:00:00,-136.0,18.0,626.0
2011-02-24 19:00:00,-140.0,20.0,643.0
2011-02-24 20:00:00,-133.0,17.0,610.0
2011-02-24 21:00:00,-138.0,17.0,633.0
2011-02-24 22:00:00,-82.0,9.0,378.0
2011-02-24 23:00:00,-75.0,8.0,347.0
2011-02-25 00:00:00,-75.0,9.0,348.0
2011-02-25 01:00:00,-76.0,7.0,354.0
2011-02-25 02:00:00,-64.0,6.0,299.0
2011-02-25 03:00:00,-52.0,3.0,243.0
2011-02-25 04:00:00,-53.0,3.0,248.0
2011-02-25 05:00:00,-44.0,3.0,205.0
2011-02-25 06:00:00,-40.0,4.0,186.0
2011-02-25 07:00:00,-65.0,6.0,300.0
2011-02-25 08:00:00,-133.0,20.0,613.0
2011-02-25 09:00:00,-155.0,25.0,711.0
2011-02-25 10:00:00,-120.0,19.0,551.0
2011-02-25 11:00:00,-81.0,11.0,375.0
2011-02-25 12:00:00,-42.0,7.0,194.0
2011-02-25 13:00:00,-58.0,9.0,269.0
2011-02-25 14:00:00,-44.0,8.0,204.0
2011-02-25 15:00:00,-60.0,8.0,279.0
2011-02-25 16:00:00,-58.0,10.0,268.0
2011-02-25 17:00:00,-68.0,10.0,313.0
2011-02-25 18:00:00,-83.0,13.0,383.0
2011-02-25 19:00:00,-101.0,14.0,463.0
2011-02-25 20:00:00,-97.0,15.0,446.0
2011-02-25 21:00:00,-65.0,8.0,300.0
2011-02-25 22:00:00,-91.0,11.0,418.0
2011-02-25 23:00:00,-98.0,11.0,453.0
2011-02-26 00:00:00,-87.0,8.0,404.0
2011-02-26 01:00:00,-85.0,6.0,393.0
2011-02-26 02:00:00,-72.0,6.0,336.0
2011-02-26 03:00:00,-83.0,7.0,386.0
2011-02-26 04:00:00,-70.0,5.0,325.0
2011-02-26 05:00:00,-50.0,3.0,231.0
2011-02-26 06:00:00,-46.0,3.0,217.0
2011-02-26 07:00:00,-38.0,3.0,179.0
2011-02-26 08:00:00,-42.0,4.0,198.0
2011-02-26 09:00:00,-43.0,5.0,202.0
2011-02-26 10:00:00,-45.0,4.0,211.0
2011-02-26 11:00:00,-34.0,4.0,158.0
2011-02-26 12:00:00,-41.0,4.0,190.0
2011-02-26 13:00:00,-42.0,5.0,197.0
2011-02-26 14:00:00,-45.0,5.0,209.0
2011-02-26 15:00:00,-24.0,3.0,111.0
2011-02-26 16:00:00,-42.0,4.0,194.0
2011-02-26 17:00:00,-43.0,3.0,202.0
2011-02-26 18:00:00,-48.0,4.0,222.0
2011-02-26 19:00:00,-55.0,4.0,256.0
2011-02-26 20:00:00,-84.0,10.0,390.0
2011-02-26 21:00:00,-66.0,8.0,305.0
2011-02-26 22:00:00,-81.0,9.0,373.0
2011-02-26 23:00:00,-83.0,12.0,382.0
2011-02-27 00:00:00,-83.0,11.0,383.0
2011-02-27 01:00:00,-101.0,10.0,467.0
2011-02-27 02:00:00,-57.0,5.0,267.0
2011-02-27 03:00:00,-63.0,6.0,291.0
2011-02-27 04:00:00,-64.0,4.0,298.0
2011-02-27 05:00:00,-44.0,3.0,205.0
2011-02-27 06:00:00,-42.0,3.0,199.0
2011-02-27 07:00:00,-49.0,3.0,229.0
2011-02-27 08:00:00,-58.0,3.0,271.0
2011-02-27 09:00:00,-44.0,3.0,204.0
2011-02-27 10:00:00,-67.0,8.0,310.0
2011-02-27 11:00:00,-46.0,6.0,216.0
2011-02-27 12:00:00,-36.0,5.0,170.0
2011-02-27 13:00:00,-44.0,4.0,206.0
2011-02-27 14:00:00,-26.0,3.0,121.0
2011-02-27 15:00:00,-32.0,3.0,149.0
2011-02-27 16:00:00,-32.0,3.0,152.0
2011-02-27 17:00:00,-34.0,3.0,161.0
2011-02-27 18:00:00,-28.0,3.0,132.0
2011-02-27 19:00:00,-47.0,5.0,218.0
2011-02-27 20:00:00,-67.0,8.0,310.0
2011-02-27 21:00:00,-47.0,3.0,220.0
2011-02-27 22:00:00,-33.0,3.0,157.0
2011-02-27 23:00:00,-48.0,3.0,225.0
2011-02-28 00:00:00,-47.0,5.0,218.0
2011-02-28 01:00:00,-36.0,2.0,170.0
2011-02-28 02:00:00,-28.0,2.0,132.0
2011-02-28 03:00:00,-22.0,1.0,105.0
2011-02-28 04:00:00,-17.0,1.0,82.0
2011-02-28 05:00:00,-16.0,1.0,76.0
2011-02-28 06:00:00,-20.0,1.0,95.0
2011-02-28 07:00:00,-21.0,1.0,100.0
2011-02-28 08:00:00,-38.0,3.0,178.0
2011-02-28 09:00:00,-34.0,3.0,159.0
2011-02-28 10:00:00,-33.0,3.0,153.0
2011-02-28 11:00:00,-32.0,3.0,149.0
2011-02-28 12:00:00,-29.0,3.0,138.0
2011-02-28 13:00:00,-41.0,4.0,190.0
2011-02-28 14:00:00,-42.0,3.0,197.0
2011-02-28 15:00:00,-40.0,3.0,189.0
2011-02-28 16:00:00,-40.0,3.0,185.0
2011-02-28 17:00:00,-43.0,4.0,203.0
2011-02-28 18:00:00,-53.0,6.0,247.0
2011-02-28 19:00:00,-77.0,9.0,355.0
2011-02-28 20:00:00,-65.0,6.0,304.0
2011-02-28 21:00:00,-50.0,3.0,231.0
2011-02-28 22:00:00,-32.0,3.0,148.0
2011-02-28 23:00:00,-35.0,2.0,164.0
2011-03-01 00:00:00,-25.0,2.0,118.0
2011-03-01 01:00:00,-25.0,1.0,119.0
2011-03-01 02:00:00,-27.0,1.0,130.0
2011-03-01 03:00:00,-18.0,0.0,88.0
2011-03-01 04:00:00,-20.0,0.0,96.0
2011-03-01 05:00:00,-18.0,1.0,85.0
2011-03-01 06:00:00,-21.0,1.0,101.0
2011-03-01 07:00:00,-25.0,2.0,120.0
2011-03-01 08:00:00,-58.0,6.0,267.0
2011-03-01 09:00:00,-76.0,7.0,351.0
2011-03-01 10:00:00,-53.0,4.0,247.0
2011-03-01 11:00:00,-38.0,3.0,176.0
2011-03-01 12:00:00,-37.0,3.0,175.0
2011-03-01 13:00:00,-36.0,3.0,168.0
2011-03-01 14:00:00,-46.0,4.0,215.0
2011-03-01 15:00:00,-43.0,3.0,203.0
2011-03-01 16:00:00,-41.0,4.0,190.0
2011-03-01 17:00:00,-43.0,4.0,199.0
2011-03-01 18:00:00,-47.0,5.0,219.0
2011-03-01 19:00:00,-63.0,8.0,294.0
2011-03-01 20:00:00,-78.0,9.0,359.0
2011-03-01 21:00:00,-69.0,6.0,318.0
2011-03-01 22:00:00,-42.0,3.0,196.0
2011-03-01 23:00:00,-44.0,4.0,206.0
2011-03-02 00:00:00,-36.0,3.0,171.0
2011-03-02 01:00:00,-29.0,2.0,137.0
2011-03-02 02:00:00,-24.0,2.0,115.0
2011-03-02 03:00:00,-25.0,2.0,119.0
2011-03-02 04:00:00,-27.0,2.0,127.0
2011-03-02 05:00:00,-36.0,2.0,168.0
2011-03-02 06:00:00,-46.0,2.0,215.0
2011-03-02 07:00:00,-54.0,3.0,254.0
2011-03-02 08:00:00,-109.0,12.0,502.0
2011-03-02 09:00:00,-112.0,14.0,515.0
2011-03-02 10:00:00,-93.0,9.0,431.0
2011-03-02 11:00:00,-85.0,11.0,391.0
2011-03-02 12:00:00,-52.0,6.0,242.0
2011-03-02 13:00:00,-56.0,5.0,260.0
2011-03-02 14:00:00,-83.0,10.0,382.0
2011-03-02 15:00:00,-54.0,6.0,250.0
2011-03-02 16:00:00,-86.0,10.0,399.0
2011-03-02 17:00:00,-66.0,8.0,306.0
2011-03-02 18:00:00,-132.0,18.0,607.0
2011-03-02 19:00:00,-132.0,22.0,606.0
2011-03-02 20:00:00,-137.0,19.0,630.0
2011-03-02 21:00:00,-91.0,11.0,420.0
2011-03-02 22:00:00,-84.0,7.0,388.0
2011-03-02 23:00:00,-76.0,6.0,352.0
2011-03-03 00:00:00,-67.0,6.0,311.0
2011-03-03 01:00:00,-57.0,5.0,266.0
2011-03-03 02:00:00,-69.0,4.0,323.0
2011-03-03 03:00:00,-58.0,4.0,272.0
2011-03-03 04:00:00,-77.0,6.0,359.0
2011-03-03 05:00:00,-64.0,5.0,298.0
2011-03-03 06:00:00,-81.0,6.0,375.0
2011-03-03 07:00:00,-96.0,8.0,445.0
2011-03-03 08:00:00,-149.0,18.0,685.0
2011-03-03 09:00:00,-132.0,19.0,607.0
2011-03-03 10:00:00,-98.0,11.0,453.0
2011-03-03 11:00:00,-79.0,8.0,366.0
2011-03-03 12:00:00,-54.0,5.0,250.0
2011-03-03 13:00:00,-60.0,5.0,281.0
2011-03-03 14:00:00,-61.0,6.0,282.0
2011-03-03 15:00:00,-50.0,5.0,230.0
2011-03-03 16:00:00,-53.0,6.0,246.0
2011-03-03 17:00:00,-65.0,9.0,302.0
2011-03-03 18:00:00,-128.0,17.0,591.0
2011-03-03 19:00:00,-124.0,19.0,570.0
2011-03-03 20:00:00,-102.0,16.0,470.0
2011-03-03 21:00:00,-97.0,12.0,449.0
2011-03-03 22:00:00,-90.0,10.0,414.0
2011-03-03 23:00:00,-78.0,7.0,360.0
2011-03-04 00:00:00,-92.0,9.0,426.0
2011-03-04 01:00:00,-67.0,8.0,309.0
2011-03-04 02:00:00,-66.0,4.0,305.0
2011-03-04 03:00:00,-40.0,3.0,189.0
2011-03-04 04:00:00,-22.0,2.0,104.0
2011-03-04 05:00:00,-41.0,3.0,192.0
2011-03-04 06:00:00,-46.0,5.0,213.0
2011-03-04 07:00:00,-82.0,8.0,379.0
2011-03-04 08:00:00,-134.0,20.0,615.0
2011-03-04 09:00:00,-171.0,27.0,783.0
2011-03-04 10:00:00,-136.0,19.0,625.0
2011-03-04 11:00:00,-119.0,16.0,547.0
2011-03-04 12:00:00,-125.0,17.0,574.0
2011-03-04 13:00:00,-107.0,17.0,491.0
2011-03-04 14:00:00,-103.0,17.0,470.0
2011-03-04 15:00:00,-128.0,19.0,587.0
2011-03-04 16:00:00,-122.0,18.0,561.0
2011-03-04 17:00:00,-99.0,17.0,455.0
2011-03-04 18:00:00,-88.0,13.0,404.0
2011-03-04 19:00:00,-100.0,15.0,462.0
2011-03-04 20:00:00,-126.0,18.0,577.0
2011-03-04 21:00:00,-73.0,9.0,339.0
2011-03-04 22:00:00,-52.0,5.0,241.0
2011-03-04 23:00:00,-70.0,6.0,326.0
2011-03-05 00:00:00,-54.0,6.0,252.0
2011-03-05 01:00:00,-71.0,7.0,331.0
2011-03-05 02:00:00,-57.0,5.0,265.0
2011-03-05 03:00:00,-61.0,6.0,284.0
2011-03-05 04:00:00,-59.0,5.0,274.0
2011-03-05 05:00:00,-51.0,4.0,237.0
2011-03-05 06:00:00,-66.0,5.0,305.0
2011-03-05 07:00:00,-34.0,2.0,158.0
2011-03-05 08:00:00,-65.0,6.0,301.0
2011-03-05 09:00:00,-75.0,11.0,344.0
2011-03-05 10:00:00,-34.0,3.0,158.0
2011-03-05 11:00:00,-32.0,6.0,151.0
2011-03-05 12:00:00,-44.0,6.0,203.0
2011-03-05 13:00:00,-55.0,8.0,256.0
2011-03-05 14:00:00,-72.0,9.0,333.0
2011-03-05 15:00:00,-40.0,7.0,183.0
2011-03-05 16:00:00,-58.0,8.0,269.0
2011-03-05 17:00:00,-62.0,9.0,285.0
2011-03-05 18:00:00,-67.0,8.0,311.0
2011-03-05 19:00:00,-63.0,9.0,289.0
2011-03-05 20:00:00,-96.0,12.0,440.0
2011-03-05 21:00:00,-91.0,11.0,422.0
2011-03-05 22:00:00,-86.0,8.0,396.0
2011-03-05 23:00:00,-67.0,8.0,310.0
2011-03-06 00:00:00,-70.0,9.0,323.0
2011-03-06 01:00:00,-52.0,5.0,241.0
2011-03-06 02:00:00,-29.0,3.0,135.0
2011-03-06 03:00:00,-26.0,2.0,125.0
2011-03-06 04:00:00,-26.0,2.0,121.0
2011-03-06 05:00:00,-20.0,1.0,94.0
2011-03-06 06:00:00,-20.0,1.0,95.0
2011-03-06 07:00:00,-20.0,2.0,97.0
2011-03-06 08:00:00,-20.0,2.0,95.0
2011-03-06 09:00:00,-27.0,2.0,128.0
2011-03-06 10:00:00,-26.0,3.0,122.0
2011-03-06 11:00:00,-25.0,3.0,120.0
2011-03-06 12:00:00,-29.0,3.0,136.0
2011-03-06 13:00:00,-22.0,4.0,102.0
2011-03-06 14:00:00,-47.0,8.0,217.0
2011-03-06 15:00:00,-69.0,12.0,317.0
2011-03-06 16:00:00,-36.0,5.0,167.0
2011-03-06 17:00:00,-44.0,5.0,206.0
2011-03-06 18:00:00,-67.0,8.0,312.0
2011-03-06 19:00:00,-75.0,7.0,349.0
2011-03-06 20:00:00,-59.0,5.0,275.0
2011-03-06 21:00:00,-54.0,5.0,251.0
2011-03-06 22:00:00,-50.0,4.0,232.0
2011-03-06 23:00:00,-51.0,5.0,238.0
2011-03-07 00:00:00,-39.0,4.0,183.0
2011-03-07 01:00:00,-43.0,3.0,200.0
2011-03-07 02:00:00,-32.0,2.0,153.0
2011-03-07 03:00:00,-28.0,2.0,131.0
2011-03-07 04:00:00,-20.0,1.0,93.0
2011-03-07 05:00:00,-23.0,1.0,108.0
2011-03-07 06:00:00,-19.0,1.0,92.0
2011-03-07 07:00:00,-28.0,3.0,132.0
2011-03-07 08:00:00,-47.0,5.0,219.0
2011-03-07 09:00:00,-63.0,8.0,293.0
2011-03-07 10:00:00,-53.0,6.0,248.0
2011-03-07 11:00:00,-49.0,5.0,228.0
2011-03-07 12:00:00,-52.0,5.0,242.0
2011-03-07 13:00:00,-42.0,5.0,197.0
2011-03-07 14:00:00,-50.0,5.0,233.0
2011-03-07 15:00:00,-45.0,5.0,209.0
2011-03-07 16:00:00,-61.0,6.0,281.0
2011-03-07 17:00:00,-60.0,7.0,277.0
2011-03-07 18:00:00,-75.0,9.0,346.0
2011-03-07 19:00:00,-115.0,17.0,527.0
2011-03-07 20:00:00,-115.0,16.0,530.0
2011-03-07 21:00:00,-91.0,10.0,422.0
2011-03-07 22:00:00,-61.0,6.0,281.0
2011-03-07 23:00:00,-79.0,8.0,364.0
2011-03-08 00:00:00,-60.0,4.0,281.0
2011-03-08 01:00:00,-72.0,5.0,336.0
2011-03-08 02:00:00,-58.0,4.0,269.0
2011-03-08 03:00:00,-50.0,3.0,233.0
2011-03-08 04:00:00,-50.0,2.0,236.0
2011-03-08 05:00:00,-48.0,3.0,226.0
2011-03-08 06:00:00,-57.0,3.0,267.0
2011-03-08 07:00:00,-70.0,6.0,323.0
2011-03-08 08:00:00,-143.0,20.0,657.0
2011-03-08 09:00:00,-144.0,25.0,657.0
2011-03-08 10:00:00,-127.0,18.0,584.0
2011-03-08 11:00:00,-104.0,13.0,481.0
2011-03-08 12:00:00,-68.0,7.0,314.0
2011-03-08 13:00:00,-69.0,10.0,319.0
2011-03-08 14:00:00,-83.0,13.0,380.0
2011-03-08 15:00:00,-75.0,10.0,346.0
2011-03-08 16:00:00,-77.0,11.0,355.0
2011-03-08 17:00:00,-69.0,11.0,317.0
2011-03-08 18:00:00,-122.0,18.0,559.0
2011-03-08 19:00:00,-157.0,26.0,719.0
2011-03-08 20:00:00,-165.0,26.0,757.0
2011-03-08 21:00:00,-116.0,15.0,533.0
2011-03-08 22:00:00,-101.0,10.0,467.0
2011-03-08 23:00:00,-68.0,6.0,316.0
2011-03-09 00:00:00,-78.0,5.0,360.0
2011-03-09 01:00:00,-61.0,5.0,283.0
2011-03-09 02:00:00,-50.0,4.0,235.0
2011-03-09 03:00:00,-41.0,3.0,194.0
2011-03-09 04:00:00,-34.0,3.0,161.0
2011-03-09 05:00:00,-55.0,4.0,255.0
2011-03-09 06:00:00,-68.0,4.0,317.0
2011-03-09 07:00:00,-90.0,7.0,416.0
2011-03-09 08:00:00,-138.0,22.0,631.0
2011-03-09 09:00:00,-150.0,26.0,685.0
2011-03-09 10:00:00,-135.0,18.0,621.0
2011-03-09 11:00:00,-119.0,14.0,547.0
2011-03-09 12:00:00,-97.0,13.0,446.0
2011-03-09 13:00:00,-93.0,13.0,430.0
2011-03-09 14:00:00,-79.0,12.0,364.0
2011-03-09 15:00:00,-61.0,9.0,284.0
2011-03-09 16:00:00,-69.0,9.0,317.0
2011-03-09 17:00:00,-69.0,12.0,318.0
2011-03-09 18:00:00,-115.0,19.0,529.0
2011-03-09 19:00:00,-164.0,29.0,748.0
2011-03-09 20:00:00,-142.0,25.0,649.0
2011-03-09 21:00:00,-146.0,22.0,668.0
2011-03-09 22:00:00,-78.0,9.0,362.0
2011-03-09 23:00:00,-74.0,9.0,343.0
2011-03-10 00:00:00,-68.0,8.0,313.0
2011-03-10 01:00:00,-47.0,5.0,220.0
2011-03-10 02:00:00,-59.0,4.0,276.0
2011-03-10 03:00:00,-54.0,4.0,254.0
2011-03-10 04:00:00,-45.0,3.0,210.0
2011-03-10 05:00:00,-51.0,4.0,237.0
2011-03-10 06:00:00,-50.0,4.0,233.0
2011-03-10 07:00:00,-57.0,6.0,267.0
2011-03-10 08:00:00,-132.0,22.0,602.0
2011-03-10 09:00:00,-140.0,22.0,644.0
2011-03-10 10:00:00,-113.0,16.0,518.0
2011-03-10 11:00:00,-101.0,15.0,463.0
2011-03-10 12:00:00,-81.0,14.0,371.0
2011-03-10 13:00:00,-61.0,11.0,282.0
2011-03-10 14:00:00,-48.0,10.0,223.0
2011-03-10 15:00:00,-77.0,11.0,355.0
2011-03-10 16:00:00,-53.0,7.0,247.0
2011-03-10 17:00:00,-64.0,10.0,294.0
2011-03-10 18:00:00,-76.0,13.0,351.0
2011-03-10 19:00:00,-109.0,19.0,501.0
2011-03-10 20:00:00,-133.0,22.0,611.0
2011-03-10 21:00:00,-112.0,16.0,515.0
2011-03-10 22:00:00,-74.0,9.0,344.0
2011-03-10 23:00:00,-73.0,6.0,338.0
2011-03-11 00:00:00,-57.0,6.0,266.0
2011-03-11 01:00:00,-56.0,5.0,259.0
2011-03-11 02:00:00,-54.0,4.0,253.0
2011-03-11 03:00:00,-50.0,3.0,231.0
2011-03-11 04:00:00,-56.0,4.0,259.0
2011-03-11 05:00:00,-42.0,2.0,199.0
2011-03-11 06:00:00,-35.0,3.0,165.0
2011-03-11 07:00:00,-58.0,5.0,269.0
2011-03-11 08:00:00,-98.0,14.0,449.0
2011-03-11 09:00:00,-143.0,24.0,655.0
2011-03-11 10:00:00,-128.0,20.0,588.0
2011-03-11 11:00:00,-34.0,-2.0,160.0
2011-03-11 12:00:00,-82.0,13.0,377.0
2011-03-11 13:00:00,-73.0,13.0,336.0
2011-03-11 14:00:00,-72.0,15.0,330.0
2011-03-11 15:00:00,-75.0,15.0,343.0
2011-03-11 16:00:00,-74.0,12.0,339.0
2011-03-11 17:00:00,-62.0,11.0,284.0
2011-03-11 18:00:00,-90.0,17.0,413.0
2011-03-11 19:00:00,-115.0,23.0,524.0
2011-03-11 20:00:00,-139.0,22.0,637.0
2011-03-11 21:00:00,-109.0,17.0,501.0
2011-03-11 22:00:00,-53.0,8.0,245.0
2011-03-11 23:00:00,-51.0,6.0,239.0
2011-03-12 00:00:00,-47.0,7.0,218.0
2011-03-12 01:00:00,-54.0,5.0,251.0
2011-03-12 02:00:00,-56.0,6.0,259.0
2011-03-12 03:00:00,-45.0,6.0,210.0
2011-03-12 04:00:00,-32.0,3.0,148.0
2011-03-12 05:00:00,-18.0,3.0,84.0
2011-03-12 06:00:00,-19.0,2.0,91.0
2011-03-12 07:00:00,-18.0,3.0,87.0
2011-03-12 08:00:00,-22.0,4.0,103.0
2011-03-12 09:00:00,-39.0,8.0,181.0
2011-03-12 10:00:00,-49.0,7.0,229.0
2011-03-12 11:00:00,-51.0,8.0,235.0
2011-03-12 12:00:00,-37.0,7.0,171.0
2011-03-12 13:00:00,-46.0,7.0,211.0
2011-03-12 14:00:00,-32.0,8.0,146.0
2011-03-12 15:00:00,-32.0,5.0,150.0
2011-03-12 16:00:00,-30.0,7.0,140.0
2011-03-12 17:00:00,-57.0,9.0,261.0
2011-03-12 18:00:00,-61.0,10.0,280.0
2011-03-12 19:00:00,-52.0,8.0,240.0
2011-03-12 20:00:00,-92.0,14.0,424.0
2011-03-12 21:00:00,-108.0,14.0,498.0
2011-03-12 22:00:00,-46.0,6.0,212.0
2011-03-12 23:00:00,-37.0,4.0,173.0
2011-03-13 00:00:00,-30.0,3.0,140.0
2011-03-13 01:00:00,-21.0,4.0,98.0
2011-03-13 02:00:00,-22.0,4.0,105.0
2011-03-13 03:00:00,-18.0,3.0,86.0
2011-03-13 04:00:00,-24.0,4.0,113.0
2011-03-13 05:00:00,-15.0,3.0,71.0
2011-03-13 06:00:00,-12.0,2.0,60.0
2011-03-13 07:00:00,-15.0,2.0,73.0
2011-03-13 08:00:00,-21.0,3.0,101.0
2011-03-13 09:00:00,-23.0,4.0,108.0
2011-03-13 10:00:00,-46.0,5.0,216.0
2011-03-13 11:00:00,-76.0,10.0,349.0
2011-03-13 12:00:00,-92.0,13.0,422.0
2011-03-13 13:00:00,-55.0,10.0,255.0
2011-03-13 14:00:00,-24.0,3.0,111.0
2011-03-13 15:00:00,-20.0,4.0,93.0
2011-03-13 16:00:00,-26.0,6.0,123.0
2011-03-13 17:00:00,-42.0,7.0,194.0
2011-03-13 18:00:00,-46.0,9.0,212.0
2011-03-13 19:00:00,-112.0,20.0,515.0
2011-03-13 20:00:00,-115.0,16.0,527.0
2011-03-13 21:00:00,-54.0,7.0,249.0
2011-03-13 22:00:00,-68.0,10.0,315.0
2011-03-13 23:00:00,-71.0,9.0,326.0
2011-03-14 00:00:00,-45.0,5.0,212.0
2011-03-14 01:00:00,-42.0,6.0,196.0
2011-03-14 02:00:00,-44.0,5.0,207.0
2011-03-14 03:00:00,-44.0,4.0,205.0
2011-03-14 04:00:00,-41.0,4.0,194.0
2011-03-14 05:00:00,-44.0,4.0,205.0
2011-03-14 06:00:00,-55.0,5.0,256.0
2011-03-14 07:00:00,-57.0,9.0,264.0
2011-03-14 08:00:00,-111.0,19.0,506.0
2011-03-14 09:00:00,-123.0,23.0,562.0
2011-03-14 10:00:00,-87.0,13.0,401.0
2011-03-14 11:00:00,-41.0,7.0,190.0
2011-03-14 12:00:00,-51.0,9.0,238.0
2011-03-14 13:00:00,-38.0,8.0,176.0
2011-03-14 14:00:00,-44.0,10.0,203.0
2011-03-14 15:00:00,-42.0,9.0,193.0
2011-03-14 16:00:00,-79.0,12.0,362.0
2011-03-14 17:00:00,-83.0,15.0,383.0
2011-03-14 18:00:00,-152.0,29.0,694.0
2011-03-14 19:00:00,-153.0,29.0,701.0
2011-03-14 20:00:00,-136.0,28.0,623.0
2011-03-14 21:00:00,-88.0,17.0,405.0
2011-03-14 22:00:00,-71.0,11.0,327.0
2011-03-14 23:00:00,-49.0,9.0,228.0
2011-03-15 00:00:00,-42.0,6.0,195.0
2011-03-15 01:00:00,-25.0,3.0,119.0
2011-03-15 02:00:00,-31.0,3.0,146.0
2011-03-15 03:00:00,-20.0,2.0,95.0
2011-03-15 04:00:00,-14.0,2.0,68.0
2011-03-15 05:00:00,-26.0,2.0,122.0
2011-03-15 06:00:00,-23.0,3.0,111.0
2011-03-15 07:00:00,-46.0,5.0,216.0
2011-03-15 08:00:00,-102.0,17.0,467.0
2011-03-15 09:00:00,-133.0,21.0,608.0
2011-03-15 10:00:00,-104.0,17.0,477.0
2011-03-15 11:00:00,-77.0,16.0,353.0
2011-03-15 12:00:00,-64.0,13.0,292.0
2011-03-15 13:00:00,-51.0,11.0,237.0
2011-03-15 14:00:00,-60.0,13.0,274.0
2011-03-15 15:00:00,-65.0,12.0,299.0
2011-03-15 16:00:00,-75.0,13.0,343.0
2011-03-15 17:00:00,-80.0,17.0,365.0
2011-03-15 18:00:00,-124.0,23.0,568.0
2011-03-15 19:00:00,-126.0,29.0,573.0
2011-03-15 20:00:00,-142.0,31.0,649.0
2011-03-15 21:00:00,-135.0,21.0,617.0
2011-03-15 22:00:00,-79.0,11.0,362.0
2011-03-15 23:00:00,-69.0,8.0,319.0
2011-03-16 00:00:00,-56.0,8.0,260.0
2011-03-16 01:00:00,-49.0,4.0,230.0
2011-03-16 02:00:00,-41.0,5.0,193.0
2011-03-16 03:00:00,-36.0,3.0,171.0
2011-03-16 04:00:00,-27.0,2.0,128.0
2011-03-16 05:00:00,-30.0,3.0,139.0
2011-03-16 06:00:00,-51.0,4.0,238.0
2011-03-16 07:00:00,-40.0,4.0,185.0
2011-03-16 08:00:00,-79.0,12.0,362.0
2011-03-16 09:00:00,-140.0,24.0,641.0
2011-03-16 10:00:00,-109.0,19.0,499.0
2011-03-16 11:00:00,-97.0,15.0,447.0
2011-03-16 12:00:00,-74.0,13.0,340.0
2011-03-16 13:00:00,-59.0,11.0,271.0
2011-03-16 14:00:00,-59.0,11.0,272.0
2011-03-16 15:00:00,-79.0,17.0,360.0
2011-03-16 16:00:00,-69.0,11.0,317.0
2011-03-16 17:00:00,-105.0,18.0,481.0
2011-03-16 18:00:00,-81.0,17.0,371.0
2011-03-16 19:00:00,-115.0,25.0,527.0
2011-03-16 20:00:00,-134.0,25.0,613.0
2011-03-16 21:00:00,-149.0,27.0,680.0
2011-03-16 22:00:00,-119.0,16.0,549.0
2011-03-16 23:00:00,-95.0,12.0,437.0
2011-03-17 00:00:00,-57.0,7.0,266.0
2011-03-17 01:00:00,-47.0,5.0,220.0
2011-03-17 02:00:00,-34.0,4.0,160.0
2011-03-17 03:00:00,-27.0,3.0,129.0
2011-03-17 04:00:00,-37.0,3.0,173.0
2011-03-17 05:00:00,-20.0,3.0,94.0
2011-03-17 06:00:00,-29.0,3.0,138.0
2011-03-17 07:00:00,-66.0,7.0,304.0
2011-03-17 08:00:00,-142.0,23.0,652.0
2011-03-17 09:00:00,-150.0,27.0,686.0
2011-03-17 10:00:00,-136.0,20.0,626.0
2011-03-17 11:00:00,-81.0,13.0,374.0
2011-03-17 12:00:00,-85.0,14.0,391.0
2011-03-17 13:00:00,-54.0,11.0,250.0
2011-03-17 14:00:00,-72.0,14.0,330.0
2011-03-17 15:00:00,-75.0,14.0,345.0
2011-03-17 16:00:00,-62.0,12.0,284.0
2011-03-17 17:00:00,-53.0,10.0,245.0
2011-03-17 18:00:00,-84.0,15.0,384.0
2011-03-17 19:00:00,-117.0,22.0,536.0
2011-03-17 20:00:00,-110.0,24.0,503.0
2011-03-17 21:00:00,-126.0,21.0,577.0
2011-03-17 22:00:00,-89.0,11.0,411.0
2011-03-17 23:00:00,-70.0,9.0,322.0
2011-03-18 00:00:00,-54.0,7.0,252.0
2011-03-18 01:00:00,-59.0,7.0,273.0
2011-03-18 02:00:00,-42.0,5.0,194.0
2011-03-18 03:00:00,-47.0,4.0,222.0
2011-03-18 04:00:00,-33.0,3.0,155.0
2011-03-18 05:00:00,-31.0,3.0,143.0
2011-03-18 06:00:00,-33.0,3.0,155.0
2011-03-18 07:00:00,-53.0,6.0,247.0
2011-03-18 08:00:00,-95.0,16.0,438.0
2011-03-18 09:00:00,-161.0,27.0,738.0
2011-03-18 10:00:00,-131.0,21.0,600.0
2011-03-18 11:00:00,-89.0,16.0,410.0
2011-03-18 12:00:00,-64.0,12.0,294.0
2011-03-18 13:00:00,-61.0,13.0,280.0
2011-03-18 14:00:00,-59.0,12.0,271.0
2011-03-18 15:00:00,-64.0,14.0,294.0
2011-03-18 16:00:00,-105.0,18.0,481.0
2011-03-18 17:00:00,-74.0,16.0,341.0
2011-03-18 18:00:00,-125.0,22.0,573.0
2011-03-18 19:00:00,-143.0,27.0,654.0
2011-03-18 20:00:00,-129.0,25.0,589.0
2011-03-18 21:00:00,-131.0,21.0,599.0
2011-03-18 22:00:00,-60.0,9.0,279.0
2011-03-18 23:00:00,-55.0,9.0,254.0
2011-03-19 00:00:00,-66.0,7.0,305.0
2011-03-19 01:00:00,-54.0,7.0,248.0
2011-03-19 02:00:00,-30.0,4.0,141.0
2011-03-19 03:00:00,-40.0,4.0,189.0
2011-03-19 04:00:00,-23.0,3.0,108.0
2011-03-19 05:00:00,-28.0,4.0,131.0
2011-03-19 06:00:00,-23.0,3.0,109.0
2011-03-19 07:00:00,-33.0,4.0,154.0
2011-03-19 08:00:00,-79.0,13.0,362.0
2011-03-19 09:00:00,-78.0,13.0,358.0
2011-03-19 10:00:00,-64.0,12.0,296.0
2011-03-19 11:00:00,-68.0,11.0,314.0
2011-03-19 12:00:00,-53.0,11.0,242.0
2011-03-19 13:00:00,-45.0,10.0,208.0
2011-03-19 14:00:00,-39.0,8.0,178.0
2011-03-19 15:00:00,-37.0,8.0,172.0
2011-03-19 16:00:00,-54.0,10.0,247.0
2011-03-19 17:00:00,-49.0,7.0,229.0
2011-03-19 18:00:00,-41.0,9.0,190.0
2011-03-19 19:00:00,-73.0,14.0,334.0
2011-03-19 20:00:00,-106.0,17.0,486.0
2011-03-19 21:00:00,-73.0,11.0,335.0
2011-03-19 22:00:00,-55.0,9.0,252.0
2011-03-19 23:00:00,-72.0,10.0,332.0
2011-03-20 00:00:00,-58.0,8.0,270.0
2011-03-20 01:00:00,-41.0,6.0,189.0
2011-03-20 02:00:00,-25.0,5.0,115.0
2011-03-20 03:00:00,-34.0,5.0,157.0
2011-03-20 04:00:00,-20.0,3.0,96.0
2011-03-20 05:00:00,-23.0,3.0,110.0
2011-03-20 06:00:00,-17.0,3.0,80.0
2011-03-20 07:00:00,-23.0,4.0,109.0
2011-03-20 08:00:00,-29.0,3.0,136.0
2011-03-20 09:00:00,-29.0,5.0,135.0
2011-03-20 10:00:00,-48.0,7.0,222.0
2011-03-20 11:00:00,-64.0,12.0,295.0
2011-03-20 12:00:00,-30.0,6.0,138.0
2011-03-20 13:00:00,-19.0,4.0,90.0
2011-03-20 14:00:00,-13.0,3.0,63.0
2011-03-20 15:00:00,-14.0,4.0,65.0
2011-03-20 16:00:00,-25.0,5.0,115.0
2011-03-20 17:00:00,-26.0,7.0,121.0
2011-03-20 18:00:00,-36.0,8.0,166.0
2011-03-20 19:00:00,-98.0,15.0,451.0
2011-03-20 20:00:00,-88.0,16.0,402.0
2011-03-20 21:00:00,-100.0,16.0,459.0
2011-03-20 22:00:00,-50.0,7.0,231.0
2011-03-20 23:00:00,-39.0,7.0,179.0
2011-03-21 00:00:00,-44.0,6.0,202.0
2011-03-21 01:00:00,-49.0,6.0,226.0
2011-03-21 02:00:00,-27.0,4.0,125.0
2011-03-21 03:00:00,-24.0,4.0,114.0
2011-03-21 04:00:00,-19.0,3.0,89.0
2011-03-21 05:00:00,-18.0,3.0,87.0
2011-03-21 06:00:00,-31.0,4.0,146.0
2011-03-21 07:00:00,-52.0,7.0,241.0
2011-03-21 08:00:00,-110.0,21.0,505.0
2011-03-21 09:00:00,-131.0,31.0,594.0
2011-03-21 10:00:00,-104.0,18.0,476.0
2011-03-21 11:00:00,-56.0,12.0,259.0
2011-03-21 12:00:00,-45.0,11.0,206.0
2011-03-21 13:00:00,-33.0,9.0,152.0
2011-03-21 14:00:00,-45.0,12.0,206.0
2011-03-21 15:00:00,-32.0,9.0,147.0
2011-03-21 16:00:00,-51.0,11.0,235.0
2011-03-21 17:00:00,-64.0,13.0,294.0
2011-03-21 18:00:00,-99.0,23.0,449.0
2011-03-21 19:00:00,-168.0,31.0,765.0
2011-03-21 20:00:00,-136.0,25.0,621.0
2011-03-21 21:00:00,-96.0,17.0,440.0
2011-03-21 22:00:00,-64.0,11.0,294.0
2011-03-21 23:00:00,-43.0,6.0,198.0
2011-03-22 00:00:00,-44.0,6.0,203.0
2011-03-22 01:00:00,-47.0,7.0,218.0
2011-03-22 02:00:00,-33.0,4.0,154.0
2011-03-22 03:00:00,-27.0,3.0,126.0
2011-03-22 04:00:00,-16.0,2.0,78.0
2011-03-22 05:00:00,-19.0,2.0,89.0
2011-03-22 06:00:00,-31.0,3.0,144.0
2011-03-22 07:00:00,-35.0,5.0,164.0
2011-03-22 08:00:00,-105.0,15.0,481.0
2011-03-22 09:00:00,-158.0,30.0,723.0
2011-03-22 10:00:00,-123.0,23.0,565.0
2011-03-22 11:00:00,-90.0,18.0,411.0
2011-03-22 12:00:00,-97.0,20.0,443.0
2011-03-22 13:00:00,-74.0,14.0,342.0
2011-03-22 14:00:00,-49.0,13.0,225.0
2011-03-22 15:00:00,-42.0,11.0,194.0
2011-03-22 16:00:00,-47.0,11.0,218.0
2011-03-22 17:00:00,-45.0,11.0,204.0
2011-03-22 18:00:00,-120.0,25.0,548.0
2011-03-22 19:00:00,-115.0,22.0,526.0
2011-03-22 20:00:00,-103.0,20.0,470.0
2011-03-22 21:00:00,-79.0,12.0,364.0
2011-03-22 22:00:00,-49.0,8.0,225.0
2011-03-22 23:00:00,-42.0,8.0,195.0
2011-03-23 00:00:00,-45.0,7.0,207.0
2011-03-23 01:00:00,-36.0,5.0,167.0
2011-03-23 02:00:00,-32.0,4.0,151.0
2011-03-23 03:00:00,-25.0,3.0,119.0
2011-03-23 04:00:00,-22.0,4.0,101.0
2011-03-23 05:00:00,-15.0,3.0,74.0
2011-03-23 06:00:00,-26.0,4.0,122.0
2011-03-23 07:00:00,-48.0,7.0,222.0
2011-03-23 08:00:00,-129.0,26.0,589.0
2011-03-23 09:00:00,-142.0,30.0,646.0
2011-03-23 10:00:00,-114.0,22.0,519.0
2011-03-23 11:00:00,-91.0,18.0,418.0
2011-03-23 12:00:00,-59.0,13.0,272.0
2011-03-23 13:00:00,-56.0,12.0,256.0
2011-03-23 14:00:00,-78.0,14.0,360.0
2011-03-23 15:00:00,-69.0,12.0,317.0
2011-03-23 16:00:00,-89.0,15.0,410.0
2011-03-23 17:00:00,-85.0,16.0,390.0
2011-03-23 18:00:00,-129.0,25.0,587.0
2011-03-23 19:00:00,-152.0,30.0,694.0
2011-03-23 20:00:00,-149.0,29.0,681.0
2011-03-23 21:00:00,-128.0,20.0,585.0
2011-03-23 22:00:00,-83.0,14.0,381.0
2011-03-23 23:00:00,-118.0,17.0,540.0
2011-03-24 00:00:00,-64.0,11.0,296.0
2011-03-24 01:00:00,-68.0,10.0,313.0
2011-03-24 02:00:00,-45.0,6.0,211.0
2011-03-24 03:00:00,-35.0,4.0,165.0
2011-03-24 04:00:00,-31.0,3.0,144.0
2011-03-24 05:00:00,-28.0,3.0,132.0
2011-03-24 06:00:00,-26.0,3.0,122.0
2011-03-24 07:00:00,-59.0,6.0,274.0
2011-03-24 08:00:00,-125.0,22.0,573.0
2011-03-24 09:00:00,-107.0,17.0,491.0
2011-03-24 10:00:00,-123.0,20.0,566.0
2011-03-24 11:00:00,-124.0,19.0,567.0
2011-03-24 12:00:00,-138.0,20.0,633.0
2011-03-24 13:00:00,-146.0,22.0,670.0
2011-03-24 14:00:00,-101.0,17.0,463.0
2011-03-24 15:00:00,-69.0,13.0,315.0
2011-03-24 16:00:00,-78.0,13.0,357.0
2011-03-24 17:00:00,-64.0,12.0,296.0
2011-03-24 18:00:00,-69.0,14.0,316.0
2011-03-24 19:00:00,-176.0,33.0,802.0
2011-03-24 20:00:00,-157.0,33.0,714.0
2011-03-24 21:00:00,-141.0,27.0,645.0
2011-03-24 22:00:00,-109.0,20.0,501.0
2011-03-24 23:00:00,-85.0,16.0,389.0
2011-03-25 00:00:00,-74.0,10.0,342.0
2011-03-25 01:00:00,-58.0,8.0,270.0
2011-03-25 02:00:00,-36.0,5.0,167.0
2011-03-25 03:00:00,-43.0,5.0,200.0
2011-03-25 04:00:00,-32.0,5.0,148.0
2011-03-25 05:00:00,-36.0,4.0,168.0
2011-03-25 06:00:00,-23.0,3.0,106.0
2011-03-25 07:00:00,-38.0,6.0,175.0
2011-03-25 08:00:00,-121.0,20.0,557.0
2011-03-25 09:00:00,-140.0,26.0,640.0
2011-03-25 10:00:00,-70.0,13.0,320.0
2011-03-25 11:00:00,-52.0,10.0,240.0
2011-03-25 12:00:00,-71.0,15.0,326.0
2011-03-25 13:00:00,-102.0,19.0,468.0
2011-03-25 14:00:00,-81.0,18.0,372.0
2011-03-25 15:00:00,-70.0,17.0,318.0
2011-03-25 16:00:00,-116.0,21.0,531.0
2011-03-25 17:00:00,-114.0,20.0,524.0
2011-03-25 18:00:00,-119.0,27.0,543.0
2011-03-25 19:00:00,-124.0,26.0,565.0
2011-03-25 20:00:00,-109.0,24.0,496.0
2011-03-25 21:00:00,-83.0,18.0,380.0
2011-03-25 22:00:00,-87.0,17.0,397.0
2011-03-25 23:00:00,-77.0,12.0,353.0
2011-03-26 00:00:00,-76.0,14.0,347.0
2011-03-26 01:00:00,-65.0,12.0,298.0
2011-03-26 02:00:00,-65.0,10.0,298.0
2011-03-26 03:00:00,-47.0,7.0,220.0
2011-03-26 04:00:00,-53.0,7.0,246.0
2011-03-26 05:00:00,-41.0,6.0,190.0
2011-03-26 06:00:00,-38.0,5.0,177.0
2011-03-26 07:00:00,-37.0,7.0,170.0
2011-03-26 08:00:00,-50.0,10.0,232.0
2011-03-26 09:00:00,-84.0,15.0,384.0
2011-03-26 10:00:00,-81.0,15.0,370.0
2011-03-26 11:00:00,-64.0,10.0,294.0
2011-03-26 12:00:00,-64.0,12.0,296.0
2011-03-26 13:00:00,-41.0,9.0,188.0
2011-03-26 14:00:00,-32.0,7.0,146.0
2011-03-26 15:00:00,-37.0,11.0,169.0
2011-03-26 16:00:00,-39.0,11.0,180.0
2011-03-26 17:00:00,-49.0,12.0,223.0
2011-03-26 18:00:00,-46.0,13.0,212.0
2011-03-26 19:00:00,-47.0,13.0,213.0
2011-03-26 20:00:00,-41.0,9.0,190.0
2011-03-26 21:00:00,-58.0,11.0,267.0
2011-03-26 22:00:00,-67.0,11.0,308.0
2011-03-26 23:00:00,-45.0,8.0,207.0
2011-03-27 00:00:00,-52.0,8.0,239.0
2011-03-27 01:00:00,-37.0,6.0,170.0
2011-03-27 02:00:00,-23.0,4.0,109.0
2011-03-27 03:00:00,-30.0,6.0,139.0
2011-03-27 04:00:00,-21.0,4.0,97.0
2011-03-27 05:00:00,-18.0,3.0,85.0
2011-03-27 06:00:00,-16.0,3.0,76.0
2011-03-27 07:00:00,-37.0,5.0,172.0
2011-03-27 08:00:00,-35.0,5.0,161.0
2011-03-27 09:00:00,-27.0,6.0,127.0
2011-03-27 10:00:00,-36.0,5.0,167.0
2011-03-27 11:00:00,-29.0,5.0,136.0
2011-03-27 12:00:00,-31.0,7.0,144.0
2011-03-27 13:00:00,-30.0,5.0,142.0
2011-03-27 14:00:00,-18.0,3.0,83.0
2011-03-27 15:00:00,-15.0,3.0,73.0
2011-03-27 16:00:00,-27.0,4.0,129.0
2011-03-27 17:00:00,-30.0,5.0,140.0
2011-03-27 18:00:00,-42.0,5.0,197.0
2011-03-27 19:00:00,-52.0,6.0,239.0
2011-03-27 20:00:00,-46.0,8.0,214.0
2011-03-27 21:00:00,-38.0,7.0,176.0
2011-03-27 22:00:00,-35.0,7.0,161.0
2011-03-27 23:00:00,-34.0,6.0,157.0
2011-03-28 00:00:00,-43.0,5.0,199.0
2011-03-28 01:00:00,-29.0,3.0,136.0
2011-03-28 02:00:00,-23.0,4.0,108.0
2011-03-28 03:00:00,-20.0,3.0,93.0
2011-03-28 04:00:00,-15.0,3.0,74.0
2011-03-28 05:00:00,-16.0,2.0,74.0
2011-03-28 06:00:00,-13.0,3.0,61.0
2011-03-28 07:00:00,-23.0,4.0,107.0
2011-03-28 08:00:00,-28.0,5.0,131.0
2011-03-28 09:00:00,-41.0,6.0,189.0
2011-03-28 10:00:00,-36.0,6.0,166.0
2011-03-28 11:00:00,-32.0,7.0,149.0
2011-03-28 12:00:00,-21.0,6.0,99.0
2011-03-28 13:00:00,-15.0,4.0,71.0
2011-03-28 14:00:00,-18.0,6.0,83.0
2011-03-28 15:00:00,-24.0,6.0,111.0
2011-03-28 16:00:00,-15.0,5.0,68.0
2011-03-28 17:00:00,-34.0,7.0,159.0
2011-03-28 18:00:00,-48.0,12.0,221.0
2011-03-28 19:00:00,-73.0,14.0,335.0
2011-03-28 20:00:00,-71.0,11.0,326.0
2011-03-28 21:00:00,-50.0,8.0,231.0
2011-03-28 22:00:00,-40.0,8.0,185.0
2011-03-28 23:00:00,-40.0,7.0,184.0
2011-03-29 00:00:00,-34.0,6.0,157.0
2011-03-29 01:00:00,-23.0,4.0,109.0
2011-03-29 02:00:00,-20.0,3.0,95.0
2011-03-29 03:00:00,-17.0,2.0,81.0
2011-03-29 04:00:00,-21.0,3.0,100.0
2011-03-29 05:00:00,-11.0,2.0,51.0
2011-03-29 06:00:00,-42.0,6.0,197.0
2011-03-29 07:00:00,-86.0,18.0,393.0
2011-03-29 08:00:00,-110.0,26.0,501.0
2011-03-29 09:00:00,-109.0,22.0,499.0
2011-03-29 10:00:00,-89.0,17.0,407.0
2011-03-29 11:00:00,-65.0,12.0,299.0
2011-03-29 12:00:00,-59.0,14.0,271.0
2011-03-29 13:00:00,-77.0,16.0,351.0
2011-03-29 14:00:00,-57.0,14.0,261.0
2011-03-29 15:00:00,-74.0,14.0,340.0
2011-03-29 16:00:00,-79.0,14.0,361.0
2011-03-29 17:00:00,-108.0,20.0,494.0
2011-03-29 18:00:00,-100.0,19.0,459.0
2011-03-29 19:00:00,-80.0,16.0,368.0
2011-03-29 20:00:00,-89.0,18.0,409.0
2011-03-29 21:00:00,-57.0,12.0,263.0
2011-03-29 22:00:00,-38.0,6.0,176.0
2011-03-29 23:00:00,-50.0,5.0,230.0
2011-03-30 00:00:00,-39.0,5.0,184.0
2011-03-30 01:00:00,-34.0,4.0,159.0
2011-03-30 02:00:00,-21.0,3.0,99.0
2011-03-30 03:00:00,-19.0,2.0,91.0
2011-03-30 04:00:00,-22.0,2.0,104.0
2011-03-30 05:00:00,-30.0,3.0,140.0
2011-03-30 06:00:00,-36.0,4.0,169.0
2011-03-30 07:00:00,-87.0,13.0,401.0
2011-03-30 08:00:00,-95.0,18.0,435.0
2011-03-30 09:00:00,-94.0,18.0,430.0
2011-03-30 10:00:00,-60.0,13.0,275.0
2011-03-30 11:00:00,-31.0,8.0,142.0
2011-03-30 12:00:00,-58.0,12.0,265.0
2011-03-30 13:00:00,-40.0,11.0,185.0
2011-03-30 14:00:00,-33.0,11.0,150.0
2011-03-30 15:00:00,-40.0,10.0,183.0
2011-03-30 16:00:00,-47.0,12.0,214.0
2011-03-30 17:00:00,-64.0,16.0,293.0
2011-03-30 18:00:00,-86.0,18.0,392.0
2011-03-30 19:00:00,-117.0,21.0,537.0
2011-03-30 20:00:00,-110.0,18.0,504.0
2011-03-30 21:00:00,-51.0,9.0,234.0
2011-03-30 22:00:00,-50.0,7.0,233.0
2011-03-30 23:00:00,-39.0,8.0,181.0
2011-03-31 00:00:00,-33.0,5.0,153.0
2011-03-31 01:00:00,-34.0,5.0,157.0
2011-03-31 02:00:00,-18.0,3.0,87.0
2011-03-31 03:00:00,-19.0,2.0,92.0
2011-03-31 04:00:00,-15.0,3.0,74.0
2011-03-31 05:00:00,-22.0,3.0,104.0
2011-03-31 06:00:00,-54.0,6.0,251.0
2011-03-31 07:00:00,-160.0,26.0,730.0
2011-03-31 08:00:00,-70.0,13.0,322.0
2011-03-31 09:00:00,-39.0,7.0,179.0
2011-03-31 10:00:00,-39.0,6.0,183.0
2011-03-31 11:00:00,-24.0,5.0,111.0
2011-03-31 12:00:00,-27.0,6.0,127.0
2011-03-31 13:00:00,-16.0,5.0,77.0
2011-03-31 14:00:00,-20.0,4.0,95.0
2011-03-31 15:00:00,-22.0,5.0,102.0
2011-03-31 16:00:00,-23.0,4.0,108.0
2011-03-31 17:00:00,-31.0,8.0,145.0
2011-03-31 18:00:00,-30.0,8.0,139.0
2011-03-31 19:00:00,-35.0,9.0,163.0
2011-03-31 20:00:00,-37.0,5.0,171.0
2011-03-31 21:00:00,-13.0,3.0,64.0
2011-03-31 22:00:00,-20.0,3.0,93.0
2011-03-31 23:00:00,-18.0,3.0,86.0
2011-04-01 00:00:00,-11.0,2.0,54.0
2011-04-01 01:00:00,-14.0,2.0,67.0
2011-04-01 02:00:00,-12.0,2.0,57.0
2011-04-01 03:00:00,-12.0,2.0,58.0
2011-04-01 04:00:00,-8.0,1.0,40.0
2011-04-01 05:00:00,-19.0,2.0,91.0
2011-04-01 06:00:00,-19.0,3.0,90.0
2011-04-01 07:00:00,-52.0,7.0,240.0
2011-04-01 08:00:00,-48.0,8.0,224.0
2011-04-01 09:00:00,-37.0,6.0,171.0
2011-04-01 10:00:00,-37.0,5.0,173.0
2011-04-01 11:00:00,-31.0,5.0,143.0
2011-04-01 12:00:00,-27.0,4.0,129.0
2011-04-01 13:00:00,-35.0,6.0,161.0
2011-04-01 14:00:00,-21.0,4.0,99.0
2011-04-01 15:00:00,-30.0,5.0,139.0
2011-04-01 16:00:00,-35.0,5.0,162.0
2011-04-01 17:00:00,-41.0,6.0,190.0
2011-04-01 18:00:00,-51.0,6.0,237.0
2011-04-01 19:00:00,-55.0,10.0,255.0
2011-04-01 20:00:00,-37.0,4.0,173.0
2011-04-01 21:00:00,-27.0,3.0,129.0
2011-04-01 22:00:00,-24.0,3.0,113.0
2011-04-01 23:00:00,-35.0,4.0,163.0
2011-04-02 00:00:00,-53.0,7.0,246.0
2011-04-02 01:00:00,-32.0,3.0,149.0
2011-04-02 02:00:00,-26.0,3.0,120.0
2011-04-02 03:00:00,-24.0,2.0,114.0
2011-04-02 04:00:00,-18.0,2.0,84.0
2011-04-02 05:00:00,-20.0,3.0,96.0
2011-04-02 06:00:00,-26.0,3.0,120.0
2011-04-02 07:00:00,-37.0,4.0,171.0
2011-04-02 08:00:00,-28.0,4.0,130.0
2011-04-02 09:00:00,-29.0,3.0,136.0
2011-04-02 10:00:00,-25.0,4.0,117.0
2011-04-02 11:00:00,-25.0,3.0,119.0
2011-04-02 12:00:00,-29.0,4.0,138.0
2011-04-02 13:00:00,-18.0,4.0,83.0
2011-04-02 14:00:00,-21.0,4.0,99.0
2011-04-02 15:00:00,-23.0,4.0,110.0
2011-04-02 16:00:00,-21.0,4.0,98.0
2011-04-02 17:00:00,-25.0,5.0,115.0
2011-04-02 18:00:00,-31.0,6.0,143.0
2011-04-02 19:00:00,-31.0,5.0,144.0
2011-04-02 20:00:00,-21.0,4.0,100.0
2011-04-02 21:00:00,-24.0,3.0,115.0
2011-04-02 22:00:00,-25.0,3.0,120.0
2011-04-02 23:00:00,-24.0,3.0,115.0
2011-04-03 00:00:00,-21.0,3.0,100.0
2011-04-03 01:00:00,-30.0,4.0,139.0
2011-04-03 02:00:00,-40.0,4.0,189.0
2011-04-03 03:00:00,-45.0,4.0,208.0
2011-04-03 04:00:00,-18.0,3.0,85.0
2011-04-03 05:00:00,-22.0,2.0,103.0
2011-04-03 06:00:00,-21.0,2.0,97.0
2011-04-03 07:00:00,-31.0,3.0,145.0
2011-04-03 08:00:00,-31.0,3.0,144.0
2011-04-03 09:00:00,-37.0,5.0,174.0
2011-04-03 10:00:00,-33.0,4.0,152.0
2011-04-03 11:00:00,-40.0,6.0,187.0
2011-04-03 12:00:00,-28.0,6.0,129.0
2011-04-03 13:00:00,-27.0,5.0,128.0
2011-04-03 14:00:00,-27.0,5.0,124.0
2011-04-03 15:00:00,-36.0,6.0,168.0
2011-04-03 16:00:00,-34.0,5.0,161.0
2011-04-03 17:00:00,-36.0,6.0,168.0
2011-04-03 18:00:00,-30.0,6.0,141.0
2011-04-03 19:00:00,-89.0,13.0,408.0
2011-04-03 20:00:00,-62.0,9.0,289.0
2011-04-03 21:00:00,-52.0,7.0,243.0
2011-04-03 22:00:00,-43.0,6.0,199.0
2011-04-03 23:00:00,-45.0,7.0,208.0
2011-04-04 00:00:00,-33.0,4.0,154.0
2011-04-04 01:00:00,-22.0,3.0,103.0
2011-04-04 02:00:00,-20.0,3.0,95.0
2011-04-04 03:00:00,-24.0,2.0,111.0
2011-04-04 04:00:00,-14.0,2.0,68.0
2011-04-04 05:00:00,-24.0,2.0,113.0
2011-04-04 06:00:00,-41.0,4.0,193.0
2011-04-04 07:00:00,-101.0,18.0,464.0
2011-04-04 08:00:00,-136.0,25.0,624.0
2011-04-04 09:00:00,-102.0,16.0,467.0
2011-04-04 10:00:00,-84.0,14.0,388.0
2011-04-04 11:00:00,-65.0,11.0,297.0
2011-04-04 12:00:00,-68.0,13.0,313.0
2011-04-04 13:00:00,-66.0,11.0,306.0
2011-04-04 14:00:00,-76.0,13.0,350.0
